2020-01-24,Illinois,17,1,0
2020-01-25,Illinois,17,1,0
2020-01-26,Illinois,17,1,0
2020-01-27,Illinois,17,1,0
2020-01-28,Illinois,17,1,0
2020-01-29,Illinois,17,1,0
2020-01-30,Illinois,17,2,0
2020-01-31,Illinois,17,2,0
2020-02-01,Illinois,17,2,0
2020-02-02,Illinois,17,2,0
2020-02-03,Illinois,17,2,0
2020-02-04,Illinois,17,2,0
2020-02-05,Illinois,17,2,0
2020-02-06,Illinois,17,2,0
2020-02-07,Illinois,17,2,0
2020-02-08,Illinois,17,2,0
2020-02-09,Illinois,17,2,0
2020-02-10,Illinois,17,2,0
2020-02-11,Illinois,17,2,0
2020-02-12,Illinois,17,2,0
2020-02-13,Illinois,17,2,0
2020-02-14,Illinois,17,2,0
2020-02-15,Illinois,17,2,0
2020-02-16,Illinois,17,2,0
2020-02-17,Illinois,17,2,0
2020-02-18,Illinois,17,2,0
2020-02-19,Illinois,17,2,0
2020-02-20,Illinois,17,2,0
2020-02-21,Illinois,17,2,0
2020-02-22,Illinois,17,2,0
2020-02-23,Illinois,17,2,0
2020-02-24,Illinois,17,2,0
2020-02-25,Illinois,17,2,0
2020-02-26,Illinois,17,2,0
2020-02-27,Illinois,17,2,0
2020-02-28,Illinois,17,2,0
2020-02-29,Illinois,17,3,0
2020-03-01,Illinois,17,3,0
2020-03-02,Illinois,17,4,0
2020-03-03,Illinois,17,4,0
2020-03-04,Illinois,17,4,0
2020-03-05,Illinois,17,5,0
2020-03-06,Illinois,17,6,0
2020-03-07,Illinois,17,6,0
2020-03-08,Illinois,17,7,0
2020-03-09,Illinois,17,11,0
2020-03-10,Illinois,17,19,0
2020-03-11,Illinois,17,25,0
2020-03-12,Illinois,17,32,0
2020-03-13,Illinois,17,46,0
2020-03-14,Illinois,17,66,0
2020-03-15,Illinois,17,94,0
2020-03-16,Illinois,17,104,0
2020-03-17,Illinois,17,159,1
2020-03-18,Illinois,17,286,1
2020-03-19,Illinois,17,420,4
2020-03-20,Illinois,17,583,5
2020-03-21,Illinois,17,751,6
2020-03-22,Illinois,17,1047,9
2020-03-23,Illinois,17,1285,12
2020-03-24,Illinois,17,1535,16
2020-03-25,Illinois,17,1874,21
2020-03-26,Illinois,17,2538,26
2020-03-27,Illinois,17,3029,37
2020-03-28,Illinois,17,3547,50
2020-03-29,Illinois,17,4615,71
2020-03-30,Illinois,17,5070,84
2020-03-31,Illinois,17,5992,107
2020-04-01,Illinois,17,6978,146
2020-04-02,Illinois,17,7695,165
2020-04-03,Illinois,17,8904,212
2020-04-04,Illinois,17,10357,248
2020-04-05,Illinois,17,11276,283
2020-04-06,Illinois,17,12262,309
2020-04-07,Illinois,17,13549,384
2020-04-08,Illinois,17,15078,464
2020-04-09,Illinois,17,16422,534
2020-04-10,Illinois,17,17887,607
2020-04-11,Illinois,17,19180,682
2020-04-12,Illinois,17,20852,727
2020-04-13,Illinois,17,22025,800
2020-04-14,Illinois,17,23247,878
2020-04-15,Illinois,17,24593,958
2020-04-16,Illinois,17,25734,1081
2020-04-17,Illinois,17,27575,1142
2020-04-18,Illinois,17,29160,1272
2020-04-19,Illinois,17,30357,1302
2020-04-20,Illinois,17,31508,1359
2020-04-21,Illinois,17,33059,1479
2020-04-22,Illinois,17,35108,1577
2020-04-23,Illinois,17,36935,1696
2020-04-24,Illinois,17,39658,1804
2020-04-25,Illinois,17,41777,1884
2020-04-26,Illinois,17,43903,1943
2020-04-27,Illinois,17,45883,1992
2020-04-28,Illinois,17,48102,2132
2020-04-29,Illinois,17,50355,2221
2020-04-30,Illinois,17,52918,2361
2020-05-01,Illinois,17,56055,2464
2020-05-02,Illinois,17,58505,2576
2020-05-03,Illinois,17,61499,2632
2020-05-04,Illinois,17,63840,2673
2020-05-05,Illinois,17,65889,2843
2020-05-06,Illinois,17,68164,2977
2020-05-07,Illinois,17,70802,3139
2020-05-08,Illinois,17,73688,3262
2020-05-09,Illinois,17,76008,3362
2020-05-10,Illinois,17,77662,3426
2020-05-11,Illinois,17,79123,3480
2020-05-12,Illinois,17,83168,3617
2020-05-13,Illinois,17,84874,3815
2020-05-14,Illinois,17,88081,3945
2020-05-15,Illinois,17,90528,4075
2020-05-16,Illinois,17,92669,4149
2020-05-17,Illinois,17,94360,4198
2020-05-18,Illinois,17,96778,4257
2020-05-19,Illinois,17,98298,4399
2020-05-20,Illinois,17,100713,4547
2020-05-21,Illinois,17,102995,4634
2020-05-22,Illinois,17,105710,4740
2020-05-23,Illinois,17,108100,4817
2020-05-24,Illinois,17,110541,4884
2020-05-25,Illinois,17,112248,4912
2020-05-26,Illinois,17,113486,4960
2020-05-27,Illinois,17,114612,5118
2020-05-28,Illinois,17,116128,5225
2020-05-29,Illinois,17,117794,5308
2020-05-30,Illinois,17,119290,5368
2020-05-31,Illinois,17,120588,5426
2020-06-01,Illinois,17,121666,5458
2020-06-02,Illinois,17,123244,5567
2020-06-03,Illinois,17,124279,5665
2020-06-04,Illinois,17,125149,5772
2020-06-05,Illinois,17,126317,5834
2020-06-06,Illinois,17,127251,5898
2020-06-07,Illinois,17,128070,5939
2020-06-08,Illinois,17,129543,6142
2020-06-09,Illinois,17,130321,6237
2020-06-10,Illinois,17,130889,6302
2020-06-11,Illinois,17,131731,6388
2020-06-12,Illinois,17,132489,6469
2020-06-13,Illinois,17,133117,6491
2020-06-14,Illinois,17,133719,6512
2020-06-15,Illinois,17,134247,6543
2020-06-16,Illinois,17,134866,6608
2020-06-17,Illinois,17,135416,6687
2020-06-18,Illinois,17,136081,6737
2020-06-19,Illinois,17,136917,6801
2020-06-20,Illinois,17,137535,6846
2020-06-21,Illinois,17,138154,6865
2020-06-22,Illinois,17,138615,6889
2020-06-23,Illinois,17,139282,6925
2020-06-24,Illinois,17,140025,6986
2020-06-25,Illinois,17,140935,7024
2020-06-26,Illinois,17,141812,7059
2020-06-27,Illinois,17,142536,7083
2020-06-28,Illinois,17,143117,7098
2020-06-29,Illinois,17,143885,7115
2020-06-30,Illinois,17,144661,7136
2020-07-01,Illinois,17,145541,7160
2020-07-02,Illinois,17,146407,7197
2020-07-03,Illinois,17,147293,7222
2020-07-04,Illinois,17,148151,7234
2020-07-05,Illinois,17,148730,7241
2020-07-06,Illinois,17,149428,7250
2020-07-07,Illinois,17,150110,7281
2020-07-08,Illinois,17,151055,7315
2020-07-09,Illinois,17,152188,7333
2020-07-10,Illinois,17,153406,7349
2020-07-11,Illinois,17,154530,7372
2020-07-12,Illinois,17,155355,7391
2020-07-13,Illinois,17,156288,7398
2020-07-14,Illinois,17,157055,7425
2020-07-15,Illinois,17,158451,7435
2020-07-16,Illinois,17,159676,7457
2020-07-17,Illinois,17,161042,7468
2020-07-18,Illinois,17,162299,7486
2020-07-19,Illinois,17,163284,7491
2020-07-20,Illinois,17,164552,7500
2020-07-21,Illinois,17,165534,7521
2020-07-22,Illinois,17,167142,7544
2020-07-23,Illinois,17,168766,7563
2020-07-24,Illinois,17,170376,7580
2020-07-25,Illinois,17,171669,7593
2020-07-26,Illinois,17,173079,7595
2020-07-27,Illinois,17,174442,7619
2020-07-28,Illinois,17,175588,7645
2020-07-29,Illinois,17,176967,7661
2020-07-30,Illinois,17,178832,7677
2020-07-31,Illinois,17,180701,7703
2020-08-01,Illinois,17,182232,7707
2020-08-02,Illinois,17,183714,7718
2020-08-03,Illinois,17,185238,7728
2020-08-04,Illinois,17,186598,7747
2020-08-05,Illinois,17,188474,7776
2020-08-06,Illinois,17,190465,7796
2020-08-07,Illinois,17,192482,7833
2020-08-08,Illinois,17,194531,7846
2020-08-09,Illinois,17,195897,7852
2020-08-10,Illinois,17,197326,7854
2020-08-11,Illinois,17,198919,7879
2020-08-12,Illinois,17,200648,7907
2020-08-13,Illinois,17,202577,7934
2020-08-14,Illinois,17,204827,7953
2020-08-15,Illinois,17,206505,7959
2020-08-16,Illinois,17,208068,7973
2020-08-17,Illinois,17,209942,7990
2020-08-18,Illinois,17,211806,8017
2020-08-19,Illinois,17,213888,8037
2020-08-20,Illinois,17,215889,8064
2020-08-21,Illinois,17,218111,8086
2020-08-22,Illinois,17,220459,8107
2020-08-23,Illinois,17,222292,8114
2020-08-24,Illinois,17,224056,8123
2020-08-25,Illinois,17,225812,8155
2020-08-26,Illinois,17,227872,8186
2020-08-27,Illinois,17,229598,8206
2020-08-28,Illinois,17,232052,8229
2020-08-29,Illinois,17,233806,8236
2020-08-30,Illinois,17,235779,8248
2020-08-31,Illinois,17,237682,8258
2020-09-01,Illinois,17,239115,8299
2020-09-02,Illinois,17,241282,8322
2020-09-03,Illinois,17,242715,8347
2020-09-04,Illinois,17,248253,8386
2020-09-05,Illinois,17,250882,8405
2020-09-06,Illinois,17,252306,8409
2020-09-07,Illinois,17,253649,8417
2020-09-08,Illinois,17,255229,8431
2020-09-09,Illinois,17,256614,8457
2020-09-10,Illinois,17,258573,8480
2020-09-11,Illinois,17,260949,8522
2020-09-12,Illinois,17,262957,8546
2020-09-13,Illinois,17,264340,8562
2020-09-14,Illinois,17,265869,8571
2020-09-15,Illinois,17,267380,8589
2020-09-16,Illinois,17,269282,8622
2020-09-17,Illinois,17,271370,8643
2020-09-18,Illinois,17,273596,8666
2020-09-19,Illinois,17,276057,8688
2020-09-20,Illinois,17,277373,8700
2020-09-21,Illinois,17,279032,8717
2020-09-22,Illinois,17,280511,8741
2020-09-23,Illinois,17,282331,8762
2020-09-24,Illinois,17,284620,8793
2020-09-25,Illinois,17,287375,8826
2020-09-26,Illinois,17,289683,8847
2020-09-27,Illinois,17,291271,8859
2020-09-28,Illinois,17,293169,8877
2020-09-29,Illinois,17,294673,8901
2020-09-30,Illinois,17,296935,8935
2020-10-01,Illinois,17,299111,8956
2020-10-02,Illinois,17,301540,9007
2020-10-03,Illinois,17,303807,9033
2020-10-04,Illinois,17,305218,9050
2020-10-05,Illinois,17,307428,9071
2020-10-06,Illinois,17,308990,9100
2020-10-07,Illinois,17,311614,9138
2020-10-08,Illinois,17,314725,9173
2020-10-09,Illinois,17,317501,9207
2020-10-10,Illinois,17,320283,9235
2020-10-11,Illinois,17,322985,9245
2020-10-12,Illinois,17,325755,9258
2020-10-13,Illinois,17,329160,9288
2020-10-14,Illinois,17,332124,9335
2020-10-15,Illinois,17,336211,9392
2020-10-16,Illinois,17,341219,9447
2020-10-17,Illinois,17,344787,9474
2020-10-18,Illinois,17,348870,9491
2020-10-19,Illinois,17,352449,9520
2020-10-20,Illinois,17,356151,9562
2020-10-21,Illinois,17,360160,9622
2020-10-22,Illinois,17,365120,9663
2020-10-23,Illinois,17,370134,9704
2020-10-24,Illinois,17,376034,9765
2020-10-25,Illinois,17,380065,9788
2020-10-26,Illinois,17,385084,9811
2020-10-27,Illinois,17,389088,9860
2020-10-28,Illinois,17,395204,9912
2020-10-29,Illinois,17,401622,9963
2020-10-30,Illinois,17,410141,10012
2020-10-31,Illinois,17,416557,10030
2020-11-01,Illinois,17,424860,10091
2020-11-02,Illinois,17,431281,10115
2020-11-03,Illinois,17,437879,10177
2020-11-04,Illinois,17,445537,10239
2020-11-05,Illinois,17,455528,10334
2020-11-06,Illinois,17,466884,10412
2020-11-07,Illinois,17,479061,10498
2020-11-08,Illinois,17,488980,10548
2020-11-09,Illinois,17,500015,10577
2020-11-10,Illinois,17,512688,10658
2020-11-11,Illinois,17,525072,10805
2020-11-12,Illinois,17,537860,10855
2020-11-13,Illinois,17,553083,10907
2020-11-14,Illinois,17,564086,11098
2020-11-15,Illinois,17,574722,11170
2020-11-16,Illinois,17,586569,11217
2020-11-17,Illinois,17,599358,11327
2020-11-18,Illinois,17,608056,11488
2020-11-19,Illinois,17,622869,11671
2020-11-20,Illinois,17,635823,11814
2020-11-21,Illinois,17,647474,11967
2020-11-22,Illinois,17,657402,12064
2020-11-23,Illinois,17,665865,12141
2020-11-24,Illinois,17,675543,12294
2020-11-25,Illinois,17,686855,12465
2020-11-26,Illinois,17,698364,12609
2020-11-27,Illinois,17,706123,12705
2020-11-28,Illinois,17,714070,12852
2020-11-29,Illinois,17,721487,12895
2020-11-30,Illinois,17,727825,13015
2020-12-01,Illinois,17,740510,13175
2020-12-02,Illinois,17,750208,13433
2020-12-03,Illinois,17,761209,13650
2020-12-04,Illinois,17,771696,13808
2020-12-05,Illinois,17,781441,14028
2020-12-06,Illinois,17,788922,14127
2020-12-07,Illinois,17,797789,14234
2020-12-08,Illinois,17,805794,14392
2020-12-09,Illinois,17,813990,14621
2020-12-10,Illinois,17,825136,14852
2020-12-11,Illinois,17,834668,15076
2020-12-12,Illinois,17,843328,15232
2020-12-13,Illinois,17,850412,15340
2020-12-14,Illinois,17,857860,15458
2020-12-15,Illinois,17,865261,15591
2020-12-16,Illinois,17,872294,15780
2020-12-17,Illinois,17,881229,15987
2020-12-18,Illinois,17,888478,16206
2020-12-19,Illinois,17,896003,16326
2020-12-20,Illinois,17,901924,16407
2020-12-21,Illinois,17,906917,16530
2020-12-22,Illinois,17,913265,16677
2020-12-23,Illinois,17,919992,16846
2020-12-24,Illinois,17,926967,16964
2020-12-25,Illinois,17,932427,17155
2020-12-26,Illinois,17,935849,17225
2020-12-27,Illinois,17,939671,17336
2020-12-28,Illinois,17,944402,17476
2020-12-29,Illinois,17,950122,17606
2020-12-30,Illinois,17,957853,17813
2020-12-31,Illinois,17,965840,17979
2021-01-01,Illinois,17,966287,17979
2021-01-02,Illinois,17,977677,18217
2021-01-03,Illinois,17,982105,18322
2021-01-04,Illinois,17,987459,18414
2021-01-05,Illinois,17,994511,18569
2021-01-06,Illinois,17,1001955,18738
2021-01-07,Illinois,17,1010808,18944
2021-01-08,Illinois,17,1020011,19110
2021-01-09,Illinois,17,1026639,19212
2021-01-10,Illinois,17,1031288,19295
2021-01-11,Illinois,17,1036450,19365
2021-01-12,Illinois,17,1043041,19497
2021-01-13,Illinois,17,1048784,19619
2021-01-14,Illinois,17,1055550,19728
2021-01-15,Illinois,17,1062121,19876
2021-01-16,Illinois,17,1067230,20021
2021-01-17,Illinois,17,1071307,20052
2021-01-18,Illinois,17,1074719,20119
2021-01-19,Illinois,17,1079307,20154
2021-01-20,Illinois,17,1084134,20285
2021-01-21,Illinois,17,1089010,20423
2021-01-22,Illinois,17,1095917,20535
2021-01-23,Illinois,17,1101037,20645
2021-01-24,Illinois,17,1104206,20680
2021-01-25,Illinois,17,1107388,20744
2021-01-26,Illinois,17,1111028,20853
2021-01-27,Illinois,17,1114798,20950
2021-01-28,Illinois,17,1119004,21074
2021-01-29,Illinois,17,1123152,21147
2021-01-30,Illinois,17,1126448,21213
2021-01-31,Illinois,17,1128750,21242
2021-02-01,Illinois,17,1131212,21273
2021-02-02,Illinois,17,1133691,21336
2021-02-03,Illinois,17,1137037,21420
2021-02-04,Illinois,17,1140341,21497
2021-02-05,Illinois,17,1143961,21603
2021-02-06,Illinois,17,1146952,21676
2021-02-07,Illinois,17,1148947,21738
2021-02-08,Illinois,17,1150869,21779
2021-02-09,Illinois,17,1152942,21802
2021-02-10,Illinois,17,1155802,21869
2021-02-11,Illinois,17,1158595,21985
2021-02-12,Illinois,17,1161206,22027
2021-02-13,Illinois,17,1163232,22087
2021-02-14,Illinois,17,1164743,22121
2021-02-15,Illinois,17,1166098,22166
2021-02-16,Illinois,17,1167889,22199
2021-02-17,Illinois,17,1169747,22224
2021-02-18,Illinois,17,1171687,22297
2021-02-19,Illinois,17,1173897,22368
2021-02-20,Illinois,17,1175781,22426
2021-02-21,Illinois,17,1177301,22466
2021-02-22,Illinois,17,1178702,22506
2021-02-23,Illinois,17,1180421,22528
2021-02-24,Illinois,17,1182402,22575
2021-02-25,Illinois,17,1184374,22607
2021-02-26,Illinois,17,1186993,22675
2021-02-27,Illinois,17,1188732,22710
2021-02-28,Illinois,17,1189922,22735
2021-03-01,Illinois,17,1191207,22759
2021-03-02,Illinois,17,1192860,22803
2021-03-03,Illinois,17,1194960,22853
2021-03-04,Illinois,17,1196739,22902
2021-03-05,Illinois,17,1198242,22946
2021-03-06,Illinois,17,1200720,23002
2021-03-07,Illinois,17,1201760,23014
2021-03-08,Illinois,17,1203008,23020
2021-03-09,Illinois,17,1204693,23039
2021-03-10,Illinois,17,1206362,23067
2021-03-11,Illinois,17,1208072,23122
2021-03-12,Illinois,17,1209847,23163
2021-03-13,Illinois,17,1211440,23188
2021-03-14,Illinois,17,1212895,23206
2021-03-15,Illinois,17,1213763,23216
2021-03-16,Illinois,17,1215745,23235
2021-03-17,Illinois,17,1217258,23255
2021-03-18,Illinois,17,1219667,23287
2021-03-19,Illinois,17,1222043,23304
2021-03-20,Illinois,17,1223884,23329
2021-03-21,Illinois,17,1225236,23357
2021-03-22,Illinois,17,1226595,23379
2021-03-23,Illinois,17,1228418,23391
2021-03-24,Illinois,17,1231154,23408
2021-03-25,Illinois,17,1233417,23442
2021-03-26,Illinois,17,1236528,23472
2021-03-27,Illinois,17,1239012,23498
2021-03-28,Illinois,17,1241187,23521
2021-03-29,Illinois,17,1243171,23527
2021-03-30,Illinois,17,1245548,23542
2021-03-31,Illinois,17,1248133,23579
2021-04-01,Illinois,17,1251829,23601
2021-04-02,Illinois,17,1254866,23626
2021-04-03,Illinois,17,1257605,23635
2021-04-04,Illinois,17,1260001,23654
2021-04-05,Illinois,17,1262345,23665
2021-04-06,Illinois,17,1265309,23673
2021-04-07,Illinois,17,1269002,23702
2021-04-08,Illinois,17,1272932,23740
2021-04-09,Illinois,17,1276891,23762
2021-04-10,Illinois,17,1280295,23777
2021-04-11,Illinois,17,1283110,23793
2021-04-12,Illinois,17,1285780,23809
2021-04-13,Illinois,17,1288969,23826
2021-04-14,Illinois,17,1292456,23865
2021-04-15,Illinois,17,1296240,23896
2021-04-16,Illinois,17,1300047,23920
2021-04-17,Illinois,17,1303011,23945
2021-04-18,Illinois,17,1305604,23955
2021-04-19,Illinois,17,1307764,23976
2021-04-20,Illinois,17,1310368,23989
2021-04-21,Illinois,17,1313149,24018
2021-04-22,Illinois,17,1316497,24056
2021-04-23,Illinois,17,1319947,24083
2021-04-24,Illinois,17,1322640,24114
2021-04-25,Illinois,17,1324610,24139
2021-04-26,Illinois,17,1326850,24150
2021-04-27,Illinois,17,1329443,24174
2021-04-28,Illinois,17,1332089,24211
2021-04-29,Illinois,17,1335559,24252
2021-04-30,Illinois,17,1338687,24291
2021-05-01,Illinois,17,1341493,24330
2021-05-02,Illinois,17,1343273,24358
2021-05-03,Illinois,17,1345483,24389
2021-05-04,Illinois,17,1347662,24410
2021-05-05,Illinois,17,1350094,24443
2021-05-06,Illinois,17,1352140,24483
2021-05-07,Illinois,17,1355405,24524
2021-05-08,Illinois,17,1357051,24546
2021-05-09,Illinois,17,1358716,24577
2021-05-10,Illinois,17,1360247,24590
2021-05-11,Illinois,17,1361775,24617
2021-05-12,Illinois,17,1363563,24640
2021-05-13,Illinois,17,1365634,24671
2021-05-14,Illinois,17,1367431,24725
2021-05-15,Illinois,17,1368875,24770
2021-05-16,Illinois,17,1370094,24795
2021-05-17,Illinois,17,1371126,24801
2021-05-18,Illinois,17,1372597,24830
2021-05-19,Illinois,17,1374215,24864
2021-05-20,Illinois,17,1375837,24913
2021-05-21,Illinois,17,1377403,24935
2021-05-22,Illinois,17,1378492,24976
2021-05-23,Illinois,17,1379411,25001
2021-05-24,Illinois,17,1380389,25011
2021-05-25,Illinois,17,1381201,25029
2021-05-26,Illinois,17,1382318,25057
2021-05-27,Illinois,17,1383335,25101
2021-05-28,Illinois,17,1384319,25127
2021-05-29,Illinois,17,1385086,25166
2021-05-30,Illinois,17,1385670,25185
2021-05-31,Illinois,17,1386189,25223
2021-06-01,Illinois,17,1386620,25233
2021-06-02,Illinois,17,1387086,25241
2021-06-03,Illinois,17,1387795,25265
2021-06-04,Illinois,17,1388428,25282
2021-06-05,Illinois,17,1388953,25314
2021-06-06,Illinois,17,1389287,25352
2021-06-07,Illinois,17,1389551,25372
2021-06-08,Illinois,17,1389928,25386
2021-06-09,Illinois,17,1390331,25413
2021-06-10,Illinois,17,1390741,25430
2021-06-11,Illinois,17,1391143,25452
2021-06-12,Illinois,17,1391382,25469
2021-06-13,Illinois,17,1391662,25481
2021-06-14,Illinois,17,1391785,25490
2021-06-15,Illinois,17,1392005,25505
2021-06-16,Illinois,17,1392390,25531
2021-06-17,Illinois,17,1392635,25552
2021-06-18,Illinois,17,1392733,25566
2021-06-19,Illinois,17,1392733,25566
2021-06-20,Illinois,17,1392733,25566
2021-06-21,Illinois,17,1393461,25592
2021-06-22,Illinois,17,1393640,25600
2021-06-23,Illinois,17,1393961,25608
2021-06-24,Illinois,17,1394189,25630
2021-06-25,Illinois,17,1394454,25637
2021-06-26,Illinois,17,1394454,25637
2021-06-27,Illinois,17,1394454,25637
2021-06-28,Illinois,17,1395179,25665
2021-06-29,Illinois,17,1395442,25667
2021-06-30,Illinois,17,1395863,25674
2021-07-01,Illinois,17,1396270,25687
2021-07-02,Illinois,17,1396606,25696
2021-07-03,Illinois,17,1396606,25696
2021-07-04,Illinois,17,1396606,25696
2021-07-05,Illinois,17,1396606,25696
2021-07-06,Illinois,17,1397725,25727
2021-07-07,Illinois,17,1398366,25733
2021-07-08,Illinois,17,1398935,25748
2021-07-09,Illinois,17,1399525,25755
2021-07-10,Illinois,17,1399525,25755
2021-07-11,Illinois,17,1399525,25755
2021-07-12,Illinois,17,1400975,25781
2021-07-13,Illinois,17,1401519,25796
2021-07-14,Illinois,17,1402545,25806
2021-07-15,Illinois,17,1403369,25814
2021-07-16,Illinois,17,1403989,25823
2021-07-17,Illinois,17,1403989,25820
2021-07-18,Illinois,17,1403989,25820
2021-07-19,Illinois,17,1406608,25841
2021-07-20,Illinois,17,1407317,25847
2021-07-21,Illinois,17,1408618,25854
2021-07-22,Illinois,17,1410504,25860
2021-07-23,Illinois,17,1411845,25867
2021-07-24,Illinois,17,1411845,25867
2021-07-25,Illinois,17,1411845,25867
2021-07-26,Illinois,17,1415898,25881
2021-07-27,Illinois,17,1417560,25886
2021-07-28,Illinois,17,1419721,25893
2021-07-29,Illinois,17,1421376,25908
2021-07-30,Illinois,17,1423574,25916
2021-07-31,Illinois,17,1423574,25916
2021-08-01,Illinois,17,1423590,25916
2021-08-02,Illinois,17,1428923,25930
2021-08-03,Illinois,17,1431494,25940
2021-08-04,Illinois,17,1434462,25960
2021-08-05,Illinois,17,1437654,25974
2021-08-06,Illinois,17,1440630,25992
2021-08-07,Illinois,17,1440658,25992
2021-08-08,Illinois,17,1440658,25992
2021-08-09,Illinois,17,1448516,26023
2021-08-10,Illinois,17,1451423,26034
2021-08-11,Illinois,17,1455290,26048
2021-08-12,Illinois,17,1458643,26075
2021-08-13,Illinois,17,1462088,26092
2021-08-14,Illinois,17,1462088,26092
2021-08-15,Illinois,17,1462088,26092
2021-08-16,Illinois,17,1471240,26123
2021-08-17,Illinois,17,1474807,26144
2021-08-18,Illinois,17,1478643,26182
2021-08-19,Illinois,17,1482024,26197
2021-08-20,Illinois,17,1486875,26223
2021-08-21,Illinois,17,1486875,26223
2021-08-22,Illinois,17,1486875,26223
2021-08-23,Illinois,17,1495978,26275
2021-08-24,Illinois,17,1498948,26291
2021-08-25,Illinois,17,1503473,26335
2021-08-26,Illinois,17,1507620,26401
2021-08-27,Illinois,17,1512387,26420
2021-08-28,Illinois,17,1512387,26420
2021-08-29,Illinois,17,1512387,26420
2021-08-30,Illinois,17,1522546,26472
2021-08-31,Illinois,17,1527348,26500
2021-09-01,Illinois,17,1532494,26535
2021-09-02,Illinois,17,1536988,26572
2021-09-03,Illinois,17,1542870,26614
2021-09-04,Illinois,17,1542870,26614
2021-09-05,Illinois,17,1542870,26614
2021-09-06,Illinois,17,1542870,26614
2021-09-07,Illinois,17,1554798,26697
2021-09-08,Illinois,17,1558768,26769
2021-09-09,Illinois,17,1563905,26793
2021-09-10,Illinois,17,1569206,26845
2021-09-11,Illinois,17,1569206,26845
2021-09-12,Illinois,17,1569206,26845
2021-09-13,Illinois,17,1578344,26969
2021-09-14,Illinois,17,1582811,27008
2021-09-15,Illinois,17,1587030,27061
2021-09-16,Illinois,17,1591607,27113
2021-09-17,Illinois,17,1595188,27175
2021-09-18,Illinois,17,1595188,27175
2021-09-19,Illinois,17,1595188,27175
2021-09-20,Illinois,17,1603442,27275
2021-09-21,Illinois,17,1606469,27299
2021-09-22,Illinois,17,1609991,27351
2021-09-23,Illinois,17,1613862,27398
2021-09-24,Illinois,17,1617236,27440
2021-09-25,Illinois,17,1617236,27440
2021-09-26,Illinois,17,1617236,27440
2021-09-27,Illinois,17,1623863,27529
2021-09-28,Illinois,17,1626227,27568
2021-09-29,Illinois,17,1629196,27619
2021-09-30,Illinois,17,1632653,27665
2021-10-01,Illinois,17,1635964,27714
2021-10-02,Illinois,17,1635964,27714
2021-10-03,Illinois,17,1635964,27714
2021-10-04,Illinois,17,1642809,27785
2021-10-05,Illinois,17,1645978,27811
2021-10-06,Illinois,17,1648902,27878
2021-10-07,Illinois,17,1652490,27924
2021-10-08,Illinois,17,1655222,27965
2021-10-09,Illinois,17,1655222,27965
2021-10-10,Illinois,17,1655222,27965
2021-10-11,Illinois,17,1655444,27965
2021-10-12,Illinois,17,1662993,28041
2021-10-13,Illinois,17,1665938,28089
2021-10-14,Illinois,17,1668509,28152
2021-10-15,Illinois,17,1671079,28197
2021-10-16,Illinois,17,1671079,28197
2021-10-17,Illinois,17,1671079,28197
2021-10-18,Illinois,17,1676496,28268
2021-10-19,Illinois,17,1678528,28292
2021-10-20,Illinois,17,1680930,28344
2021-10-21,Illinois,17,1683225,28382
2021-10-22,Illinois,17,1686159,28414
2021-10-23,Illinois,17,1686159,28414
2021-10-24,Illinois,17,1686159,28414
2021-10-25,Illinois,17,1691341,28477
2021-10-26,Illinois,17,1693530,28517
2021-10-27,Illinois,17,1695554,28550
2021-10-28,Illinois,17,1698284,28591
2021-10-29,Illinois,17,1700907,28620
2021-10-30,Illinois,17,1700907,28620
2021-10-31,Illinois,17,1700907,28620
2021-11-01,Illinois,17,1706985,28695
2021-11-02,Illinois,17,1709334,28719
2021-11-03,Illinois,17,1711121,28772
2021-11-04,Illinois,17,1715452,28803
2021-11-05,Illinois,17,1718384,28832
2021-11-06,Illinois,17,1718384,28832
2021-11-07,Illinois,17,1718384,28832
2021-11-08,Illinois,17,1725686,28877
2021-11-09,Illinois,17,1727932,28901
2021-11-10,Illinois,17,1732906,28929
2021-11-11,Illinois,17,1732954,28929
2021-11-12,Illinois,17,1740923,28986
2021-11-13,Illinois,17,1740923,28986
2021-11-14,Illinois,17,1740923,28986
2021-11-15,Illinois,17,1749843,29032
2021-11-16,Illinois,17,1752893,29054
2021-11-17,Illinois,17,1757813,29083
2021-11-18,Illinois,17,1763614,29115
2021-11-19,Illinois,17,1769267,29157
2021-11-20,Illinois,17,1769267,29157
2021-11-21,Illinois,17,1769267,29157
2021-11-22,Illinois,17,1780460,29215
2021-11-23,Illinois,17,1785089,29234
2021-11-24,Illinois,17,1790437,29258
2021-11-25,Illinois,17,1790437,29258
2021-11-26,Illinois,17,1790437,29258
2021-11-27,Illinois,17,1790437,29258
2021-11-28,Illinois,17,1790437,29258
2021-11-29,Illinois,17,1809427,29349
2021-11-30,Illinois,17,1815121,29376
2021-12-01,Illinois,17,1821286,29432
2021-12-02,Illinois,17,1832924,29477
2021-12-03,Illinois,17,1840377,29521
2021-12-04,Illinois,17,1840377,29521
2021-12-05,Illinois,17,1840377,29521
2021-12-06,Illinois,17,1859208,29619
2021-12-07,Illinois,17,1866099,29710
2021-12-08,Illinois,17,1872854,29734
2021-12-09,Illinois,17,1882641,29793
2021-12-10,Illinois,17,1890044,29842
2021-12-11,Illinois,17,1890044,29842
2021-12-12,Illinois,17,1890135,29842
2021-12-13,Illinois,17,1909561,29954
2021-12-14,Illinois,17,1916535,29985
2021-12-15,Illinois,17,1926536,30076
2021-12-16,Illinois,17,1938824,30135
2021-12-17,Illinois,17,1949484,30202
2021-12-18,Illinois,17,1949484,30202
2021-12-19,Illinois,17,1949484,30202
2021-12-20,Illinois,17,1980527,30330
2021-12-21,Illinois,17,1990581,30401
2021-12-22,Illinois,17,2007134,30482
2021-12-23,Illinois,17,2025804,30566
2021-12-24,Illinois,17,2025804,30566
2021-12-25,Illinois,17,2025804,30566
2021-12-26,Illinois,17,2025804,30566
2021-12-27,Illinois,17,2081402,30747
2021-12-28,Illinois,17,2102953,30851
2021-12-29,Illinois,17,2123922,30908
2021-12-30,Illinois,17,2154058,31017
2021-12-31,Illinois,17,2154058,31017
2022-01-01,Illinois,17,2154058,31017
2022-01-02,Illinois,17,2154058,31017
2022-01-03,Illinois,17,2243215,31212
2022-01-04,Illinois,17,2267641,31312
2022-01-05,Illinois,17,2299850,31416
2022-01-06,Illinois,17,2343834,31536
2022-01-07,Illinois,17,2386672,31660
2022-01-08,Illinois,17,2386672,31660
2022-01-09,Illinois,17,2386672,31660
2022-01-10,Illinois,17,2464150,31916
2022-01-11,Illinois,17,2492045,32028
2022-01-12,Illinois,17,2526835,32187
2022-01-13,Illinois,17,2563715,32356
2022-01-14,Illinois,17,2593378,32532
2022-01-15,Illinois,17,2593378,32532
2022-01-16,Illinois,17,2593378,32532
2022-01-17,Illinois,17,2593378,32532
2022-01-18,Illinois,17,2686801,32851
2022-01-19,Illinois,17,2713231,33052
2022-01-20,Illinois,17,2736601,33278
2022-01-21,Illinois,17,2777353,33446
2022-01-22,Illinois,17,2777353,33446
2022-01-23,Illinois,17,2777353,33446
2022-01-24,Illinois,17,2841994,33803
2022-01-25,Illinois,17,2855818,33942
2022-01-26,Illinois,17,2871541,34131
2022-01-27,Illinois,17,2886267,34298
2022-01-28,Illinois,17,2901790,34439
2022-01-29,Illinois,17,2901790,34439
2022-01-30,Illinois,17,2901790,34439
2022-01-31,Illinois,17,2925690,34704
2022-02-01,Illinois,17,2934402,34853
2022-02-02,Illinois,17,2943829,34966
2022-02-03,Illinois,17,2943829,34966
2022-02-04,Illinois,17,2962497,35157
2022-02-05,Illinois,17,2962497,35157
2022-02-06,Illinois,17,2962497,35157
2022-02-07,Illinois,17,2976481,35373
2022-02-08,Illinois,17,2982270,35476
2022-02-09,Illinois,17,2987075,35600
2022-02-10,Illinois,17,2992617,35725
2022-02-11,Illinois,17,2992783,35725
2022-02-12,Illinois,17,2992783,35725
2022-02-13,Illinois,17,2992783,35725
2022-02-14,Illinois,17,3007009,35998
2022-02-15,Illinois,17,3009857,36057
2022-02-16,Illinois,17,3013259,36195
2022-02-17,Illinois,17,3015848,36285
2022-02-18,Illinois,17,3019048,36360
2022-02-19,Illinois,17,3019048,36360
2022-02-20,Illinois,17,3019048,36360
2022-02-21,Illinois,17,3019135,36360
2022-02-22,Illinois,17,3025329,36516
2022-02-23,Illinois,17,3028052,36614
2022-02-24,Illinois,17,3030066,36694
2022-02-25,Illinois,17,3032190,36792
2022-02-26,Illinois,17,3032190,36792
2022-02-27,Illinois,17,3032190,36792
2022-02-28,Illinois,17,3036705,36910
2022-03-01,Illinois,17,3038507,36953
2022-03-02,Illinois,17,3040100,37010
2022-03-03,Illinois,17,3041322,37054
2022-03-04,Illinois,17,3042622,37108
2022-03-05,Illinois,17,3042622,37108
2022-03-06,Illinois,17,3042622,37108
2022-03-07,Illinois,17,3045351,37151
2022-03-08,Illinois,17,3046409,37180
2022-03-09,Illinois,17,3048034,37214
2022-03-10,Illinois,17,3049442,37271
2022-03-11,Illinois,17,3051272,37310
2022-03-12,Illinois,17,3051272,37310
2022-03-13,Illinois,17,3051272,37310
2022-03-14,Illinois,17,3053590,37345
2022-03-15,Illinois,17,3055131,37392
2022-03-16,Illinois,17,3056169,37419
2022-03-17,Illinois,17,3057341,37438
2022-03-18,Illinois,17,3058721,37459
2022-03-19,Illinois,17,3058721,37459
2022-03-20,Illinois,17,3058721,37459
2022-03-21,Illinois,17,3061163,37479
2022-03-22,Illinois,17,3062600,37534
2022-03-23,Illinois,17,3063751,37554
2022-03-24,Illinois,17,3065509,37571
2022-03-25,Illinois,17,3066843,37589
2022-03-26,Illinois,17,3066843,37589
2022-03-27,Illinois,17,3066843,37589
2022-03-28,Illinois,17,3069359,37611
2022-03-29,Illinois,17,3070932,37631
2022-03-30,Illinois,17,3072239,37645
2022-03-31,Illinois,17,3073830,37667
2022-04-01,Illinois,17,3075243,37684
2022-04-02,Illinois,17,3075243,37684
2022-04-03,Illinois,17,3075243,37684
2022-04-04,Illinois,17,3078238,37691
2022-04-05,Illinois,17,3080034,37727
2022-04-06,Illinois,17,3082210,37738
2022-04-07,Illinois,17,3083782,37751
2022-04-08,Illinois,17,3086087,37764
2022-04-09,Illinois,17,3086087,37764
2022-04-10,Illinois,17,3086087,37764
2022-04-11,Illinois,17,3090590,37777
2022-04-12,Illinois,17,3092335,37789
2022-04-13,Illinois,17,3094402,37800
2022-04-14,Illinois,17,3097741,37806
2022-04-15,Illinois,17,3100157,37815
2022-04-16,Illinois,17,3100157,37815
2022-04-17,Illinois,17,3100157,37815
2022-04-18,Illinois,17,3105932,37823
2022-04-19,Illinois,17,3108399,37830
2022-04-20,Illinois,17,3112315,37840
2022-04-21,Illinois,17,3115918,37849
2022-04-22,Illinois,17,3119711,37859
2022-04-23,Illinois,17,3119711,37859
2022-04-24,Illinois,17,3119711,37859
2022-04-25,Illinois,17,3127885,37867
2022-04-26,Illinois,17,3130382,37872
2022-04-27,Illinois,17,3133795,37881
2022-04-28,Illinois,17,3138397,37888
2022-04-29,Illinois,17,3144294,37898
2022-04-30,Illinois,17,3144347,37898
2022-05-01,Illinois,17,3144347,37898
2022-05-02,Illinois,17,3153353,37906
2022-05-03,Illinois,17,3157387,37919
2022-05-04,Illinois,17,3163121,37934
2022-05-05,Illinois,17,3167273,37949
2022-05-06,Illinois,17,3174977,37956
2022-05-07,Illinois,17,3174977,37956
2022-05-08,Illinois,17,3174977,37956
2022-05-09,Illinois,17,3189426,37966
2022-05-10,Illinois,17,3194739,37982
2022-05-11,Illinois,17,3200925,37994
2022-05-12,Illinois,17,3206588,37997
2022-05-13,Illinois,17,3215032,38005
2022-05-14,Illinois,17,3215032,38005
2022-05-15,Illinois,17,3215032,38005
2022-05-16,Illinois,17,3231905,38013
2022-05-17,Illinois,17,3237197,38028
2022-05-18,Illinois,17,3242954,38041
2022-05-19,Illinois,17,3250491,38056
2022-05-20,Illinois,17,3255231,38068
2022-05-21,Illinois,17,3255231,38068
2022-05-22,Illinois,17,3255231,38068
2022-05-23,Illinois,17,3269692,38090
2022-05-24,Illinois,17,3273698,38103
2022-05-25,Illinois,17,3280087,38114
2022-05-26,Illinois,17,3286462,38121
2022-05-27,Illinois,17,3292157,38127
2022-05-28,Illinois,17,3292157,38127
2022-05-29,Illinois,17,3292157,38127
2022-05-30,Illinois,17,3292157,38127
2022-05-31,Illinois,17,3308233,38135
2022-06-01,Illinois,17,3312546,38161
2022-06-02,Illinois,17,3318938,38171
2022-06-03,Illinois,17,3324779,38188
2022-06-04,Illinois,17,3324779,38188
2022-06-05,Illinois,17,3324779,38188
2022-06-06,Illinois,17,3338626,38222
2022-06-07,Illinois,17,3343479,38252
2022-06-08,Illinois,17,3348356,38282
2022-06-09,Illinois,17,3352679,38298
2022-06-10,Illinois,17,3358781,38311
2022-06-11,Illinois,17,3358781,38311
2022-06-12,Illinois,17,3358781,38311
2022-06-13,Illinois,17,3367572,38320
2022-06-14,Illinois,17,3371430,38344
2022-06-15,Illinois,17,3377188,38368
2022-06-16,Illinois,17,3382530,38392
2022-06-17,Illinois,17,3386053,38410
2022-06-18,Illinois,17,3386053,38410
2022-06-19,Illinois,17,3386053,38410
2022-06-20,Illinois,17,3386053,38410
2022-06-21,Illinois,17,3399502,38422
2022-06-22,Illinois,17,3404112,38463
2022-06-23,Illinois,17,3407624,38483
2022-06-24,Illinois,17,3413207,38510
2022-06-25,Illinois,17,3413207,38510
2022-06-26,Illinois,17,3413207,38510
2022-06-27,Illinois,17,3423153,38535
2022-06-28,Illinois,17,3427364,38559
2022-06-29,Illinois,17,3432057,38569
2022-06-30,Illinois,17,3436799,38588
2022-07-01,Illinois,17,3441474,38601
2022-07-02,Illinois,17,3441737,38601
2022-07-03,Illinois,17,3441737,38601
2022-07-04,Illinois,17,3441737,38601
2022-07-05,Illinois,17,3452404,38616
2022-07-06,Illinois,17,3457839,38633
2022-07-07,Illinois,17,3463634,38641
2022-07-08,Illinois,17,3468941,38660
2022-07-09,Illinois,17,3468941,38660
2022-07-10,Illinois,17,3469087,38660
2022-07-11,Illinois,17,3481048,38671
2022-07-12,Illinois,17,3487138,38686
2022-07-13,Illinois,17,3492244,38707
2022-07-14,Illinois,17,3497612,38721
2022-07-15,Illinois,17,3502221,38737
2022-07-16,Illinois,17,3502221,38737
2022-07-17,Illinois,17,3502221,38737
2022-07-18,Illinois,17,3513435,38755
2022-07-19,Illinois,17,3517294,38766
2022-07-20,Illinois,17,3522590,38785
2022-07-21,Illinois,17,3529242,38799
2022-07-22,Illinois,17,3534504,38812
2022-07-23,Illinois,17,3534504,38812
2022-07-24,Illinois,17,3534504,38812
2022-07-25,Illinois,17,3549049,38822
2022-07-26,Illinois,17,3554264,38830
2022-07-27,Illinois,17,3556908,38847
2022-07-28,Illinois,17,3564043,38873
2022-07-29,Illinois,17,3569918,38882
2022-07-30,Illinois,17,3569918,38882
2022-07-31,Illinois,17,3569918,38882
2022-08-01,Illinois,17,3580187,38888
2022-08-02,Illinois,17,3585277,38889
2022-08-03,Illinois,17,3590316,38923
2022-08-04,Illinois,17,3594502,38956
2022-08-05,Illinois,17,3600719,38966
2022-08-06,Illinois,17,3600719,38966
2022-08-07,Illinois,17,3600719,38966
2022-08-08,Illinois,17,3610526,38984
2022-08-09,Illinois,17,3614588,39037
2022-08-10,Illinois,17,3617765,39059
2022-08-11,Illinois,17,3623509,39079
2022-08-12,Illinois,17,3627267,39108
2022-08-13,Illinois,17,3627267,39108
2022-08-14,Illinois,17,3627267,39108
2022-08-15,Illinois,17,3635675,39119
2022-08-16,Illinois,17,3639479,39128
2022-08-17,Illinois,17,3642465,39145
2022-08-18,Illinois,17,3647504,39160
2022-08-19,Illinois,17,3652375,39180
2022-08-20,Illinois,17,3652375,39180
2022-08-21,Illinois,17,3652375,39180
2022-08-22,Illinois,17,3660411,39199
2022-08-23,Illinois,17,3664217,39219
2022-08-24,Illinois,17,3667814,39235
2022-08-25,Illinois,17,3672933,39265
2022-08-26,Illinois,17,3676762,39284
2022-08-27,Illinois,17,3676762,39284
2022-08-28,Illinois,17,3676762,39284
2022-08-29,Illinois,17,3684755,39296
2022-08-30,Illinois,17,3689365,39310
2022-08-31,Illinois,17,3694055,39328
2022-09-01,Illinois,17,3698673,39351
2022-09-02,Illinois,17,3702948,39370
2022-09-03,Illinois,17,3702948,39370
2022-09-04,Illinois,17,3702948,39370
2022-09-05,Illinois,17,3702948,39370
2022-09-06,Illinois,17,3712832,39381
2022-09-07,Illinois,17,3715467,39407
2022-09-08,Illinois,17,3719546,39426
2022-09-09,Illinois,17,3722867,39445
2022-09-10,Illinois,17,3722867,39445
2022-09-11,Illinois,17,3722867,39445
2022-09-12,Illinois,17,3729492,39461
2022-09-13,Illinois,17,3731968,39480
2022-09-14,Illinois,17,3734881,39498
2022-09-15,Illinois,17,3737992,39524
2022-09-16,Illinois,17,3740470,39536
2022-09-17,Illinois,17,3740470,39536
2022-09-18,Illinois,17,3740470,39536
2022-09-19,Illinois,17,3744944,39551
2022-09-20,Illinois,17,3746966,39576
2022-09-21,Illinois,17,3750347,39598
2022-09-22,Illinois,17,3755665,39610
2022-09-23,Illinois,17,3757864,39624
2022-09-24,Illinois,17,3757864,39624
2022-09-25,Illinois,17,3757864,39624
2022-09-26,Illinois,17,3761566,39636
2022-09-27,Illinois,17,3763328,39637
2022-09-28,Illinois,17,3764949,39666
2022-09-29,Illinois,17,3766785,39685
2022-09-30,Illinois,17,3768893,39698
2022-10-01,Illinois,17,3768893,39698
2022-10-02,Illinois,17,3768893,39698
2022-10-03,Illinois,17,3772548,39718
2022-10-04,Illinois,17,3774122,39732
2022-10-05,Illinois,17,3775970,39747
2022-10-06,Illinois,17,3778439,39760
2022-10-07,Illinois,17,3780353,39777
2022-10-08,Illinois,17,3780353,39777
2022-10-09,Illinois,17,3780353,39777
2022-10-10,Illinois,17,3780406,39777
2022-10-11,Illinois,17,3784876,39791
2022-10-12,Illinois,17,3786686,39802
2022-10-13,Illinois,17,3788958,39823
2022-10-14,Illinois,17,3790782,39843
2022-10-15,Illinois,17,3790782,39843
2022-10-16,Illinois,17,3790782,39843
2022-10-17,Illinois,17,3794923,39856
2022-10-18,Illinois,17,3796284,39867
2022-10-19,Illinois,17,3796917,39875
2022-10-20,Illinois,17,3799931,39891
2022-10-21,Illinois,17,3802785,39899
2022-10-22,Illinois,17,3802785,39899
2022-10-23,Illinois,17,3802785,39899
2022-10-24,Illinois,17,3807105,39916
2022-10-25,Illinois,17,3809042,39930
2022-10-26,Illinois,17,3811411,39947
2022-10-27,Illinois,17,3813025,39968
2022-10-28,Illinois,17,3816464,39982
2022-10-29,Illinois,17,3816464,39982
2022-10-30,Illinois,17,3816464,39982
2022-10-31,Illinois,17,3821443,39997
2022-11-01,Illinois,17,3823381,40022
2022-11-02,Illinois,17,3825128,40032
2022-11-03,Illinois,17,3828247,40040
2022-11-04,Illinois,17,3830714,40058
2022-11-05,Illinois,17,3830714,40058
2022-11-06,Illinois,17,3830714,40058
2022-11-07,Illinois,17,3835468,40064
2022-11-08,Illinois,17,3835468,40064
2022-11-09,Illinois,17,3839548,40083
2022-11-10,Illinois,17,3841752,40109
2022-11-11,Illinois,17,3841752,40109
2022-11-12,Illinois,17,3841752,40109
2022-11-13,Illinois,17,3841752,40109
2022-11-14,Illinois,17,3848748,40131
2022-11-15,Illinois,17,3850598,40153
2022-11-16,Illinois,17,3852801,40174
2022-11-17,Illinois,17,3855565,40187
2022-11-18,Illinois,17,3857371,40198
2022-11-19,Illinois,17,3857371,40198
2022-11-20,Illinois,17,3857371,40198
2022-11-21,Illinois,17,3862909,40219
2022-11-22,Illinois,17,3864997,40233
2022-11-23,Illinois,17,3867743,40247
2022-11-24,Illinois,17,3867743,40247
2022-11-25,Illinois,17,3867743,40247
2022-11-26,Illinois,17,3867743,40247
2022-11-27,Illinois,17,3867743,40247
2022-11-28,Illinois,17,3876075,40264
2022-11-29,Illinois,17,3878603,40282
2022-11-30,Illinois,17,3884333,40303
2022-12-01,Illinois,17,3888967,40325
2022-12-02,Illinois,17,3892217,40339
2022-12-03,Illinois,17,3892217,40339
2022-12-04,Illinois,17,3892217,40339
2022-12-05,Illinois,17,3899802,40355
2022-12-06,Illinois,17,3902886,40372
2022-12-07,Illinois,17,3906896,40385
2022-12-08,Illinois,17,3910180,40394
2022-12-09,Illinois,17,3913707,40406
2022-12-10,Illinois,17,3913707,40406
2022-12-11,Illinois,17,3913707,40406
2022-12-12,Illinois,17,3922374,40422
2022-12-13,Illinois,17,3925702,40441
2022-12-14,Illinois,17,3929555,40461
2022-12-15,Illinois,17,3934504,40477
2022-12-16,Illinois,17,3937076,40502
2022-12-17,Illinois,17,3937076,40502
2022-12-18,Illinois,17,3937076,40502
2022-12-19,Illinois,17,3946194,40525
2022-12-20,Illinois,17,3948687,40543
2022-12-21,Illinois,17,3953906,40564
2022-12-22,Illinois,17,3957136,40586
2022-12-23,Illinois,17,3960888,40610
2022-12-24,Illinois,17,3960888,40610
2022-12-25,Illinois,17,3960888,40610
2022-12-26,Illinois,17,3960888,40610
2022-12-27,Illinois,17,3967450,40627
2022-12-28,Illinois,17,3970204,40633
2022-12-29,Illinois,17,3973551,40657
2022-12-30,Illinois,17,3976840,40678
2022-12-31,Illinois,17,3976840,40678
2023-01-01,Illinois,17,3976840,40678
2023-01-02,Illinois,17,3976840,40678
2023-01-03,Illinois,17,3981926,40702
2023-01-04,Illinois,17,3981982,40702
2023-01-05,Illinois,17,3987971,40747
2023-01-06,Illinois,17,3988009,40747
2023-01-07,Illinois,17,3988009,40747
2023-01-08,Illinois,17,3988009,40747
2023-01-09,Illinois,17,3988144,40747
2023-01-10,Illinois,17,3988172,40747
2023-01-11,Illinois,17,3988208,40747
2023-01-12,Illinois,17,3988275,40747
2023-01-13,Illinois,17,3997877,40747
2023-01-14,Illinois,17,3997877,40747
2023-01-15,Illinois,17,3997877,40747
2023-01-16,Illinois,17,3997877,40747
2023-01-17,Illinois,17,4005047,40883
2023-01-18,Illinois,17,4015850,40980
2023-01-19,Illinois,17,4015908,40980
2023-01-20,Illinois,17,4015953,40980
2023-01-21,Illinois,17,4015953,40980
2023-01-22,Illinois,17,4015953,40980
2023-01-23,Illinois,17,4016002,40980
2023-01-24,Illinois,17,4016024,40980
2023-01-25,Illinois,17,4016024,40980
2023-01-26,Illinois,17,4026850,41088
2023-01-27,Illinois,17,4026886,41088
2023-01-28,Illinois,17,4026886,41088
2023-01-29,Illinois,17,4026886,41088
2023-01-30,Illinois,17,4026949,41088
2023-01-31,Illinois,17,4026970,41088
2023-02-01,Illinois,17,4026996,41088
2023-02-02,Illinois,17,4036994,41180
2023-02-03,Illinois,17,4037023,41180
2023-02-04,Illinois,17,4037023,41180
2023-02-05,Illinois,17,4037023,41180
2023-02-06,Illinois,17,4037072,41180
2023-02-07,Illinois,17,4037092,41180
2023-02-08,Illinois,17,4037121,41180
2023-02-09,Illinois,17,4047219,41261
2023-02-10,Illinois,17,4047264,41261
2023-02-11,Illinois,17,4047264,41261
2023-02-12,Illinois,17,4047264,41261
2023-02-13,Illinois,17,4047306,41261
2023-02-14,Illinois,17,4047306,41261
2023-02-15,Illinois,17,4047422,41261
2023-02-16,Illinois,17,4058063,41335
2023-02-17,Illinois,17,4058087,41335
2023-02-18,Illinois,17,4058087,41335
2023-02-19,Illinois,17,4058087,41335
2023-02-20,Illinois,17,4058087,41335
2023-02-21,Illinois,17,4058188,41335
2023-02-22,Illinois,17,4058220,41335
2023-02-23,Illinois,17,4069289,41379
2023-02-24,Illinois,17,4069322,41379
2023-02-25,Illinois,17,4069322,41379
2023-02-26,Illinois,17,4069322,41379
2023-02-27,Illinois,17,4069322,41379
2023-02-28,Illinois,17,4069426,41379
2023-03-01,Illinois,17,4069468,41379
2023-03-02,Illinois,17,4080061,41443
2023-03-03,Illinois,17,4080122,41443
2023-03-04,Illinois,17,4080122,41443
2023-03-05,Illinois,17,4080122,41443
2023-03-06,Illinois,17,4080183,41443
2023-03-07,Illinois,17,4080183,41443
2023-03-08,Illinois,17,4080247,41443
2023-03-09,Illinois,17,4090398,41496
2023-03-10,Illinois,17,4090437,41496
2023-03-11,Illinois,17,4090437,41496
2023-03-12,Illinois,17,4090437,41496
2023-03-13,Illinois,17,4090501,41496
2023-03-14,Illinois,17,4090501,41496
2023-03-15,Illinois,17,4090542,41496
2023-03-16,Illinois,17,4099372,41573
2023-03-17,Illinois,17,4099400,41573
2023-03-18,Illinois,17,4099400,41573
2023-03-19,Illinois,17,4099400,41573
2023-03-20,Illinois,17,4099448,41573
2023-03-21,Illinois,17,4099448,41573
2023-03-22,Illinois,17,4099448,41573
2023-03-23,Illinois,17,4107931,41618
