2020-03-01,New York,36,1,0
2020-03-02,New York,36,1,0
2020-03-03,New York,36,2,0
2020-03-04,New York,36,11,0
2020-03-05,New York,36,22,0
2020-03-06,New York,36,44,0
2020-03-07,New York,36,89,0
2020-03-08,New York,36,106,0
2020-03-09,New York,36,142,0
2020-03-10,New York,36,173,0
2020-03-11,New York,36,217,0
2020-03-12,New York,36,326,0
2020-03-13,New York,36,421,0
2020-03-14,New York,36,610,2
2020-03-15,New York,36,732,6
2020-03-16,New York,36,950,10
2020-03-17,New York,36,1375,18
2020-03-18,New York,36,2387,32
2020-03-19,New York,36,4161,39
2020-03-20,New York,36,7113,68
2020-03-21,New York,36,10371,95
2020-03-22,New York,36,15188,142
2020-03-23,New York,36,20899,183
2020-03-24,New York,36,25704,264
2020-03-25,New York,36,33117,381
2020-03-26,New York,36,39058,502
2020-03-27,New York,36,44746,645
2020-03-28,New York,36,53517,935
2020-03-29,New York,36,59783,1180
2020-03-30,New York,36,67504,1512
2020-03-31,New York,36,76211,1929
2020-04-01,New York,36,84364,2415
2020-04-02,New York,36,93360,2963
2020-04-03,New York,36,103689,3716
2020-04-04,New York,36,115963,4535
2020-04-05,New York,36,124085,5335
2020-04-06,New York,36,133389,6149
2020-04-07,New York,36,141703,7185
2020-04-08,New York,36,151271,8138
2020-04-09,New York,36,162036,9166
2020-04-10,New York,36,172830,10162
2020-04-11,New York,36,182990,11159
2020-04-12,New York,36,191425,12116
2020-04-13,New York,36,197973,12998
2020-04-14,New York,36,205375,14001
2020-04-15,New York,36,217130,14937
2020-04-16,New York,36,225761,15669
2020-04-17,New York,36,233293,16473
2020-04-18,New York,36,240542,17141
2020-04-19,New York,36,246741,17793
2020-04-20,New York,36,251608,18412
2020-04-21,New York,36,255932,19040
2020-04-22,New York,36,261591,19647
2020-04-23,New York,36,267932,20212
2020-04-24,New York,36,276218,20759
2020-04-25,New York,36,286901,21326
2020-04-26,New York,36,292914,21804
2020-04-27,New York,36,296991,22267
2020-04-28,New York,36,300276,22777
2020-04-29,New York,36,304994,23287
2020-04-30,New York,36,309696,23616
2020-05-01,New York,36,313575,23841
2020-05-02,New York,36,318134,24035
2020-05-03,New York,36,321833,24576
2020-05-04,New York,36,324357,24788
2020-05-05,New York,36,326659,25028
2020-05-06,New York,36,329405,25956
2020-05-07,New York,36,332931,26206
2020-05-08,New York,36,335804,26358
2020-05-09,New York,36,338519,26584
2020-05-10,New York,36,340657,26798
2020-05-11,New York,36,342267,27003
2020-05-12,New York,36,343705,27282
2020-05-13,New York,36,345828,27448
2020-05-14,New York,36,348192,27617
2020-05-15,New York,36,350951,27755
2020-05-16,New York,36,353136,27953
2020-05-17,New York,36,355037,28168
2020-05-18,New York,36,356278,28302
2020-05-19,New York,36,357757,28437
2020-05-20,New York,36,359235,28540
2020-05-21,New York,36,361313,28663
2020-05-22,New York,36,362991,28802
2020-05-23,New York,36,364745,28900
2020-05-24,New York,36,366346,29046
2020-05-25,New York,36,367625,29138
2020-05-26,New York,36,368669,29241
2020-05-27,New York,36,369801,29339
2020-05-28,New York,36,371559,29438
2020-05-29,New York,36,373108,29535
2020-05-30,New York,36,374471,29612
2020-05-31,New York,36,375575,29699
2020-06-01,New York,36,376520,29766
2020-06-02,New York,36,377881,29847
2020-06-03,New York,36,378924,29918
2020-06-04,New York,36,379977,30011
2020-06-05,New York,36,381019,30066
2020-06-06,New York,36,382102,30123
2020-06-07,New York,36,382879,30183
2020-06-08,New York,36,383591,30239
2020-06-09,New York,36,384281,30309
2020-06-10,New York,36,384945,30376
2020-06-11,New York,36,385669,30431
2020-06-12,New York,36,386490,30511
2020-06-13,New York,36,387402,30565
2020-06-14,New York,36,388096,30605
2020-06-15,New York,36,388719,30645
2020-06-16,New York,36,389349,30683
2020-06-17,New York,36,389910,30722
2020-06-18,New York,36,390536,30767
2020-06-19,New York,36,391330,30816
2020-06-20,New York,36,392037,30839
2020-06-21,New York,36,392702,30884
2020-06-22,New York,36,393257,30934
2020-06-23,New York,36,393855,30970
2020-06-24,New York,36,394430,31001
2020-06-25,New York,36,395168,31029
2020-06-26,New York,36,395972,31075
2020-06-27,New York,36,396669,31105
2020-06-28,New York,36,397293,31137
2020-06-29,New York,36,397684,31143
2020-06-30,New York,36,398142,31776
2020-07-01,New York,36,398770,31791
2020-07-02,New York,36,399642,31814
2020-07-03,New York,36,400561,31836
2020-07-04,New York,36,401286,31860
2020-07-05,New York,36,401822,31895
2020-07-06,New York,36,402338,31911
2020-07-07,New York,36,402928,31934
2020-07-08,New York,36,403619,31945
2020-07-09,New York,36,404207,31979
2020-07-10,New York,36,404997,32004
2020-07-11,New York,36,405724,32019
2020-07-12,New York,36,406403,32029
2020-07-13,New York,36,406962,32075
2020-07-14,New York,36,407875,32092
2020-07-15,New York,36,408709,32115
2020-07-16,New York,36,409476,32133
2020-07-17,New York,36,410254,32147
2020-07-18,New York,36,411006,32167
2020-07-19,New York,36,411515,32187
2020-07-20,New York,36,412034,32203
2020-07-21,New York,36,412889,32218
2020-07-22,New York,36,413595,32228
2020-07-23,New York,36,414405,32270
2020-07-24,New York,36,415163,32278
2020-07-25,New York,36,415911,32295
2020-07-26,New York,36,416443,32305
2020-07-27,New York,36,417056,32322
2020-07-28,New York,36,417591,32333
2020-07-29,New York,36,418302,32342
2020-07-30,New York,36,419081,32362
2020-07-31,New York,36,419723,32372
2020-08-01,New York,36,420477,32390
2020-08-02,New York,36,421008,32401
2020-08-03,New York,36,421550,32413
2020-08-04,New York,36,422296,32422
2020-08-05,New York,36,422935,32431
2020-08-06,New York,36,423629,32329
2020-08-07,New York,36,424349,32336
2020-08-08,New York,36,425055,32345
2020-08-09,New York,36,425568,32354
2020-08-10,New York,36,426046,32361
2020-08-11,New York,36,426713,32372
2020-08-12,New York,36,427419,32384
2020-08-13,New York,36,428155,32399
2020-08-14,New York,36,428879,32407
2020-08-15,New York,36,429617,32414
2020-08-16,New York,36,430226,32424
2020-08-17,New York,36,430636,32435
2020-08-18,New York,36,431298,32446
2020-08-19,New York,36,431924,32451
2020-08-20,New York,36,432523,32451
2020-08-21,New York,36,433230,32456
2020-08-22,New York,36,433881,32464
2020-08-23,New York,36,434462,32482
2020-08-24,New York,36,434866,32489
2020-08-25,New York,36,435495,32495
2020-08-26,New York,36,436063,32499
2020-08-27,New York,36,436852,32507
2020-08-28,New York,36,437487,32515
2020-08-29,New York,36,438122,32522
2020-08-30,New York,36,438831,32534
2020-08-31,New York,36,439480,32541
2020-09-01,New York,36,440237,32551
2020-09-02,New York,36,440947,32559
2020-09-03,New York,36,441835,32567
2020-09-04,New York,36,442698,32573
2020-09-05,New York,36,443497,32579
2020-09-06,New York,36,444226,32585
2020-09-07,New York,36,444751,32600
2020-09-08,New York,36,445308,32612
2020-09-09,New York,36,445881,32611
2020-09-10,New York,36,446637,32618
2020-09-11,New York,36,447498,32619
2020-09-12,New York,36,448347,32625
2020-09-13,New York,36,449072,32629
2020-09-14,New York,36,449658,32639
2020-09-15,New York,36,450425,32655
2020-09-16,New York,36,451078,32662
2020-09-17,New York,36,451971,32669
2020-09-18,New York,36,452764,32682
2020-09-19,New York,36,453747,32679
2020-09-20,New York,36,454612,32686
2020-09-21,New York,36,455187,32691
2020-09-22,New York,36,455938,32690
2020-09-23,New York,36,456604,32691
2020-09-24,New York,36,457557,32696
2020-09-25,New York,36,458466,32708
2020-09-26,New York,36,459472,32713
2020-09-27,New York,36,460340,32722
2020-09-28,New York,36,461176,32737
2020-09-29,New York,36,462364,32743
2020-09-30,New York,36,463369,32757
2020-10-01,New York,36,464752,32768
2020-10-02,New York,36,466353,32789
2020-10-03,New York,36,468081,32794
2020-10-04,New York,36,469307,32813
2020-10-05,New York,36,470244,32827
2020-10-06,New York,36,471638,32836
2020-10-07,New York,36,472994,32850
2020-10-08,New York,36,474829,32859
2020-10-09,New York,36,476422,32867
2020-10-10,New York,36,477870,32875
2020-10-11,New York,36,479013,32879
2020-10-12,New York,36,480045,32896
2020-10-13,New York,36,481436,32905
2020-10-14,New York,36,482671,32916
2020-10-15,New York,36,484135,32935
2020-10-16,New York,36,485838,32944
2020-10-17,New York,36,487626,32959
2020-10-18,New York,36,489016,32972
2020-10-19,New York,36,490015,32990
2020-10-20,New York,36,491216,32998
2020-10-21,New York,36,493245,33005
2020-10-22,New York,36,494874,33022
2020-10-23,New York,36,496510,33038
2020-10-24,New York,36,498568,33049
2020-10-25,New York,36,500201,33059
2020-10-26,New York,36,501393,33073
2020-10-27,New York,36,503387,33092
2020-10-28,New York,36,505416,33107
2020-10-29,New York,36,507913,33128
2020-10-30,New York,36,510171,33143
2020-10-31,New York,36,512223,33152
2020-11-01,New York,36,514482,33174
2020-11-02,New York,36,516114,33187
2020-11-03,New York,36,518431,33198
2020-11-04,New York,36,520557,33222
2020-11-05,New York,36,523559,33247
2020-11-06,New York,36,526767,33267
2020-11-07,New York,36,530354,33287
2020-11-08,New York,36,533784,33314
2020-11-09,New York,36,536933,33343
2020-11-10,New York,36,540897,33373
2020-11-11,New York,36,545718,33398
2020-11-12,New York,36,550516,33424
2020-11-13,New York,36,555917,33452
2020-11-14,New York,36,561308,33477
2020-11-15,New York,36,564952,33508
2020-11-16,New York,36,568450,33540
2020-11-17,New York,36,573544,33576
2020-11-18,New York,36,578826,33607
2020-11-19,New York,36,584128,33648
2020-11-20,New York,36,589605,33696
2020-11-21,New York,36,595581,33737
2020-11-22,New York,36,600967,33767
2020-11-23,New York,36,606878,33804
2020-11-24,New York,36,611756,33847
2020-11-25,New York,36,618023,33890
2020-11-26,New York,36,624961,33959
2020-11-27,New York,36,633140,34004
2020-11-28,New York,36,639200,34049
2020-11-29,New York,36,645932,34101
2020-11-30,New York,36,652748,34150
2020-12-01,New York,36,660041,34222
2020-12-02,New York,36,669016,34286
2020-12-03,New York,36,678869,34346
2020-12-04,New York,36,690143,34409
2020-12-05,New York,36,700902,34488
2020-12-06,New York,36,710612,34552
2020-12-07,New York,36,718991,34637
2020-12-08,New York,36,728010,34723
2020-12-09,New York,36,738947,34799
2020-12-10,New York,36,749204,34884
2020-12-11,New York,36,759765,34983
2020-12-12,New York,36,770804,35074
2020-12-13,New York,36,780831,35198
2020-12-14,New York,36,789815,35288
2020-12-15,New York,36,799551,35425
2020-12-16,New York,36,808929,35522
2020-12-17,New York,36,819427,35647
2020-12-18,New York,36,832033,35775
2020-12-19,New York,36,841946,35897
2020-12-20,New York,36,851400,36017
2020-12-21,New York,36,860856,36147
2020-12-22,New York,36,871155,36300
2020-12-23,New York,36,882895,36454
2020-12-24,New York,36,896242,36604
2020-12-25,New York,36,909123,36739
2020-12-26,New York,36,920171,36870
2020-12-27,New York,36,928376,37000
2020-12-28,New York,36,938710,37118
2020-12-29,New York,36,950730,37256
2020-12-30,New York,36,963647,37412
2020-12-31,New York,36,979040,37557
2021-01-01,New York,36,996073,37733
2021-01-02,New York,36,1011922,37854
2021-01-03,New York,36,1024154,38001
2021-01-04,New York,36,1035396,38167
2021-01-05,New York,36,1048538,38315
2021-01-06,New York,36,1064554,38486
2021-01-07,New York,36,1082142,38683
2021-01-08,New York,36,1101702,38846
2021-01-09,New York,36,1119541,39041
2021-01-10,New York,36,1135849,39208
2021-01-11,New York,36,1150028,39404
2021-01-12,New York,36,1164819,39588
2021-01-13,New York,36,1179523,39760
2021-01-14,New York,36,1193710,39997
2021-01-15,New York,36,1213179,40203
2021-01-16,New York,36,1229124,40376
2021-01-17,New York,36,1242818,40570
2021-01-18,New York,36,1256228,40753
2021-01-19,New York,36,1268949,40933
2021-01-20,New York,36,1280068,41148
2021-01-21,New York,36,1293976,41348
2021-01-22,New York,36,1309660,41530
2021-01-23,New York,36,1323569,41694
2021-01-24,New York,36,1335952,41889
2021-01-25,New York,36,1347924,42090
2021-01-26,New York,36,1358964,42273
2021-01-27,New York,36,1369329,42434
2021-01-28,New York,36,1383112,42639
2021-01-29,New York,36,1396063,42825
2021-01-30,New York,36,1408955,42996
2021-01-31,New York,36,1420164,43178
2021-02-01,New York,36,1429096,43354
2021-02-02,New York,36,1437045,43524
2021-02-03,New York,36,1444199,43687
2021-02-04,New York,36,1451169,43842
2021-02-05,New York,36,1459066,44012
2021-02-06,New York,36,1470558,44210
2021-02-07,New York,36,1480481,44387
2021-02-08,New York,36,1489453,44512
2021-02-09,New York,36,1497732,44683
2021-02-10,New York,36,1504316,44851
2021-02-11,New York,36,1514327,44992
2021-02-12,New York,36,1523042,45138
2021-02-13,New York,36,1531797,45295
2021-02-14,New York,36,1540127,45431
2021-02-15,New York,36,1546665,45552
2021-02-16,New York,36,1553374,45683
2021-02-17,New York,36,1559299,45807
2021-02-18,New York,36,1568881,45957
2021-02-19,New York,36,1577454,46119
2021-02-20,New York,36,1585692,46233
2021-02-21,New York,36,1591929,46346
2021-02-22,New York,36,1598226,46454
2021-02-23,New York,36,1605149,46562
2021-02-24,New York,36,1611288,46680
2021-02-25,New York,36,1620181,46790
2021-02-26,New York,36,1628255,46914
2021-02-27,New York,36,1636297,47025
2021-02-28,New York,36,1644124,47143
2021-03-01,New York,36,1650560,47247
2021-03-02,New York,36,1656941,47345
2021-03-03,New York,36,1663505,47464
2021-03-04,New York,36,1670973,47565
2021-03-05,New York,36,1679124,47672
2021-03-06,New York,36,1687250,47767
2021-03-07,New York,36,1694908,47857
2021-03-08,New York,36,1700348,47921
2021-03-09,New York,36,1707181,48000
2021-03-10,New York,36,1713287,48092
2021-03-11,New York,36,1720456,48208
2021-03-12,New York,36,1728900,48277
2021-03-13,New York,36,1734933,48370
2021-03-14,New York,36,1741620,48475
2021-03-15,New York,36,1748739,48537
2021-03-16,New York,36,1755450,48624
2021-03-17,New York,36,1762032,48686
2021-03-18,New York,36,1767547,48773
2021-03-19,New York,36,1772624,48848
2021-03-20,New York,36,1779291,48916
2021-03-21,New York,36,1783026,48942
2021-03-22,New York,36,1787934,48959
2021-03-23,New York,36,1794735,48977
2021-03-24,New York,36,1814919,49231
2021-03-25,New York,36,1823602,49305
2021-03-26,New York,36,1831605,49363
2021-03-27,New York,36,1840338,49446
2021-03-28,New York,36,1849190,49537
2021-03-29,New York,36,1858162,49648
2021-03-30,New York,36,1863912,49696
2021-03-31,New York,36,1871595,49790
2021-04-01,New York,36,1880768,49872
2021-04-02,New York,36,1888823,49946
2021-04-03,New York,36,1896534,50042
2021-04-04,New York,36,1904141,50124
2021-04-05,New York,36,1910858,50195
2021-04-06,New York,36,1916964,50239
2021-04-07,New York,36,1923414,50332
2021-04-08,New York,36,1932145,50388
2021-04-09,New York,36,1940703,50465
2021-04-10,New York,36,1948232,50527
2021-04-11,New York,36,1954809,50610
2021-04-12,New York,36,1960567,50693
2021-04-13,New York,36,1965610,50745
2021-04-14,New York,36,1971610,50839
2021-04-15,New York,36,1978594,50912
2021-04-16,New York,36,1984884,50965
2021-04-17,New York,36,1991271,51034
2021-04-18,New York,36,1996876,51077
2021-04-19,New York,36,2002053,51122
2021-04-20,New York,36,2006712,51183
2021-04-21,New York,36,2010967,51228
2021-04-22,New York,36,2016244,51299
2021-04-23,New York,36,2021094,51361
2021-04-24,New York,36,2025257,51419
2021-04-25,New York,36,2029307,51471
2021-04-26,New York,36,2032325,51511
2021-04-27,New York,36,2035668,51587
2021-04-28,New York,36,2038668,51608
2021-04-29,New York,36,2042530,51677
2021-04-30,New York,36,2046322,51728
2021-05-01,New York,36,2050174,51791
2021-05-02,New York,36,2053027,51830
2021-05-03,New York,36,2055467,51889
2021-05-04,New York,36,2057701,51949
2021-05-05,New York,36,2060075,52005
2021-05-06,New York,36,2062707,52038
2021-05-07,New York,36,2065172,52077
2021-05-08,New York,36,2068200,52118
2021-05-09,New York,36,2070603,52155
2021-05-10,New York,36,2072264,52192
2021-05-11,New York,36,2073713,52234
2021-05-12,New York,36,2075757,52291
2021-05-13,New York,36,2077961,52332
2021-05-14,New York,36,2080000,52366
2021-05-15,New York,36,2081761,52377
2021-05-16,New York,36,2083649,52417
2021-05-17,New York,36,2085028,52449
2021-05-18,New York,36,2086577,52480
2021-05-19,New York,36,2087900,52505
2021-05-20,New York,36,2089547,52531
2021-05-21,New York,36,2091142,52555
2021-05-22,New York,36,2092455,52572
2021-05-23,New York,36,2093529,52591
2021-05-24,New York,36,2094493,52621
2021-05-25,New York,36,2095438,52638
2021-05-26,New York,36,2096320,52664
2021-05-27,New York,36,2097465,52685
2021-05-28,New York,36,2098395,52710
2021-05-29,New York,36,2099261,52724
2021-05-30,New York,36,2100109,52740
2021-05-31,New York,36,2100633,52758
2021-06-01,New York,36,2101111,52784
2021-06-02,New York,36,2101514,52793
2021-06-03,New York,36,2102003,52811
2021-06-04,New York,36,2102760,52840
2021-06-05,New York,36,2103612,52852
2021-06-06,New York,36,2104103,52885
2021-06-07,New York,36,2104622,52895
2021-06-08,New York,36,2105081,52906
2021-06-09,New York,36,2105507,52914
2021-06-10,New York,36,2106056,52927
2021-06-11,New York,36,2106742,52942
2021-06-12,New York,36,2107172,52958
2021-06-13,New York,36,2107535,52968
2021-06-14,New York,36,2107912,52977
2021-06-15,New York,36,2108249,52993
2021-06-16,New York,36,2108535,52995
2021-06-17,New York,36,2108978,53009
2021-06-18,New York,36,2109393,53017
2021-06-19,New York,36,2109782,53024
2021-06-20,New York,36,2110069,53026
2021-06-21,New York,36,2110346,53034
2021-06-22,New York,36,2110612,53048
2021-06-23,New York,36,2110862,53056
2021-06-24,New York,36,2111245,53052
2021-06-25,New York,36,2111588,53060
2021-06-26,New York,36,2111933,53066
2021-06-27,New York,36,2112307,53081
2021-06-28,New York,36,2112628,53089
2021-06-29,New York,36,2112872,53093
2021-06-30,New York,36,2113147,53095
2021-07-01,New York,36,2113544,53107
2021-07-02,New York,36,2114018,53109
2021-07-03,New York,36,2114297,53109
2021-07-04,New York,36,2114609,53118
2021-07-05,New York,36,2114985,53122
2021-07-06,New York,36,2115292,53127
2021-07-07,New York,36,2115633,53134
2021-07-08,New York,36,2116270,53138
2021-07-09,New York,36,2117024,53142
2021-07-10,New York,36,2117754,53149
2021-07-11,New York,36,2118565,53151
2021-07-12,New York,36,2119207,53153
2021-07-13,New York,36,2119875,53159
2021-07-14,New York,36,2120600,53170
2021-07-15,New York,36,2121529,53175
2021-07-16,New York,36,2122158,53176
2021-07-17,New York,36,2123579,53181
2021-07-18,New York,36,2124722,53191
2021-07-19,New York,36,2125663,53195
2021-07-20,New York,36,2126775,53200
2021-07-21,New York,36,2127867,53207
2021-07-22,New York,36,2129478,53214
2021-07-23,New York,36,2131176,53216
2021-07-24,New York,36,2133044,53219
2021-07-25,New York,36,2135076,53228
2021-07-26,New York,36,2136602,53235
2021-07-27,New York,36,2138250,53236
2021-07-28,New York,36,2140050,53248
2021-07-29,New York,36,2142694,53250
2021-07-30,New York,36,2145309,53257
2021-07-31,New York,36,2148445,53266
2021-08-01,New York,36,2151035,53274
2021-08-02,New York,36,2153243,53281
2021-08-03,New York,36,2156305,53294
2021-08-04,New York,36,2159139,53301
2021-08-05,New York,36,2162581,53315
2021-08-06,New York,36,2166341,53318
2021-08-07,New York,36,2170878,53331
2021-08-08,New York,36,2174515,53346
2021-08-09,New York,36,2176196,53352
2021-08-10,New York,36,2177918,53360
2021-08-11,New York,36,2185142,53400
2021-08-12,New York,36,2190012,53429
2021-08-13,New York,36,2194646,53439
2021-08-14,New York,36,2199321,53454
2021-08-15,New York,36,2203359,53476
2021-08-16,New York,36,2207567,53486
2021-08-17,New York,36,2211095,53519
2021-08-18,New York,36,2215603,53532
2021-08-19,New York,36,2220673,53548
2021-08-20,New York,36,2224579,53564
2021-08-21,New York,36,2230754,53601
2021-08-22,New York,36,2235347,53620
2021-08-23,New York,36,2239183,53646
2021-08-24,New York,36,2242677,53662
2021-08-25,New York,36,2246408,53691
2021-08-26,New York,36,2251779,53722
2021-08-27,New York,36,2258143,53745
2021-08-28,New York,36,2263726,53769
2021-08-29,New York,36,2266362,53792
2021-08-30,New York,36,2272334,53823
2021-08-31,New York,36,2276228,53847
2021-09-01,New York,36,2280354,53875
2021-09-02,New York,36,2285643,53925
2021-09-03,New York,36,2291562,53949
2021-09-04,New York,36,2294936,53965
2021-09-05,New York,36,2301437,54007
2021-09-06,New York,36,2305126,54037
2021-09-07,New York,36,2308382,54069
2021-09-08,New York,36,2310837,54088
2021-09-09,New York,36,2317291,54156
2021-09-10,New York,36,2323174,54174
2021-09-11,New York,36,2329234,54211
2021-09-12,New York,36,2332969,54230
2021-09-13,New York,36,2338377,54271
2021-09-14,New York,36,2342490,54317
2021-09-15,New York,36,2347298,54350
2021-09-16,New York,36,2354028,54395
2021-09-17,New York,36,2360066,54424
2021-09-18,New York,36,2363352,54441
2021-09-19,New York,36,2371076,54479
2021-09-20,New York,36,2374833,54502
2021-09-21,New York,36,2380164,54559
2021-09-22,New York,36,2384698,54602
2021-09-23,New York,36,2389735,54641
2021-09-24,New York,36,2395880,54702
2021-09-25,New York,36,2399678,54718
2021-09-26,New York,36,2406466,54769
2021-09-27,New York,36,2409292,54785
2021-09-28,New York,36,2414540,54822
2021-09-29,New York,36,2419556,54886
2021-09-30,New York,36,2424535,54933
2021-10-01,New York,36,2430353,54976
2021-10-02,New York,36,2433689,54993
2021-10-03,New York,36,2437085,55016
2021-10-04,New York,36,2443345,55057
2021-10-05,New York,36,2447269,55090
2021-10-06,New York,36,2453544,55131
2021-10-07,New York,36,2459146,55150
2021-10-08,New York,36,2464979,55203
2021-10-09,New York,36,2468518,55229
2021-10-10,New York,36,2470595,55253
2021-10-11,New York,36,2478477,55304
2021-10-12,New York,36,2481730,55347
2021-10-13,New York,36,2486254,55402
2021-10-14,New York,36,2490768,55447
2021-10-15,New York,36,2497110,55465
2021-10-16,New York,36,2501128,55484
2021-10-17,New York,36,2504277,55514
2021-10-18,New York,36,2509666,55557
2021-10-19,New York,36,2512960,55588
2021-10-20,New York,36,2517737,55625
2021-10-21,New York,36,2522102,55664
2021-10-22,New York,36,2525802,55702
2021-10-23,New York,36,2529266,55732
2021-10-24,New York,36,2531418,55756
2021-10-25,New York,36,2536439,55806
2021-10-26,New York,36,2538935,55840
2021-10-27,New York,36,2543076,55879
2021-10-28,New York,36,2546275,55902
2021-10-29,New York,36,2552009,55942
2021-10-30,New York,36,2555136,55969
2021-10-31,New York,36,2557930,55995
2021-11-01,New York,36,2563625,56044
2021-11-02,New York,36,2566536,56067
2021-11-03,New York,36,2570550,56114
2021-11-04,New York,36,2575181,56144
2021-11-05,New York,36,2580040,56191
2021-11-06,New York,36,2583891,56225
2021-11-07,New York,36,2587606,56245
2021-11-08,New York,36,2593360,56280
2021-11-09,New York,36,2597571,56323
2021-11-10,New York,36,2602610,56360
2021-11-11,New York,36,2609293,56400
2021-11-12,New York,36,2615549,56439
2021-11-13,New York,36,2620644,56454
2021-11-14,New York,36,2624840,56475
2021-11-15,New York,36,2631992,56508
2021-11-16,New York,36,2637053,56551
2021-11-17,New York,36,2643081,56584
2021-11-18,New York,36,2651196,56619
2021-11-19,New York,36,2658788,56663
2021-11-20,New York,36,2664344,56681
2021-11-21,New York,36,2673149,56714
2021-11-22,New York,36,2678465,56741
2021-11-23,New York,36,2684084,56775
2021-11-24,New York,36,2691097,56816
2021-11-25,New York,36,2697859,56840
2021-11-26,New York,36,2706059,56861
2021-11-27,New York,36,2709306,56917
2021-11-28,New York,36,2713812,56944
2021-11-29,New York,36,2721968,56993
2021-11-30,New York,36,2728612,57049
2021-12-01,New York,36,2737932,57107
2021-12-02,New York,36,2749263,57158
2021-12-03,New York,36,2760505,57211
2021-12-04,New York,36,2768147,57241
2021-12-05,New York,36,2775977,57273
2021-12-06,New York,36,2787506,57332
2021-12-07,New York,36,2796043,57396
2021-12-08,New York,36,2805294,57449
2021-12-09,New York,36,2816974,57507
2021-12-10,New York,36,2828288,57572
2021-12-11,New York,36,2836160,57622
2021-12-12,New York,36,2843444,57671
2021-12-13,New York,36,2858513,57724
2021-12-14,New York,36,2867444,57788
2021-12-15,New York,36,2879827,57867
2021-12-16,New York,36,2897347,57911
2021-12-17,New York,36,2917910,57989
2021-12-18,New York,36,2928229,58037
2021-12-19,New York,36,2956489,58097
2021-12-20,New York,36,2976928,58147
2021-12-21,New York,36,3003384,58221
2021-12-22,New York,36,3031844,58292
2021-12-23,New York,36,3065699,58373
2021-12-24,New York,36,3098290,58422
2021-12-25,New York,36,3098290,58422
2021-12-26,New York,36,3184452,58465
2021-12-27,New York,36,3214893,58604
2021-12-28,New York,36,3263729,58650
2021-12-29,New York,36,3324088,58820
2021-12-30,New York,36,3395166,58917
2021-12-31,New York,36,3473970,58993
2022-01-01,New York,36,3555047,59072
2022-01-02,New York,36,3617589,59152
2022-01-03,New York,36,3678042,59240
2022-01-04,New York,36,3729331,59339
2022-01-05,New York,36,3804480,59485
2022-01-06,New York,36,3884858,59631
2022-01-07,New York,36,3966952,59827
2022-01-08,New York,36,4057084,59913
2022-01-09,New York,36,4136861,60083
2022-01-10,New York,36,4194745,60162
2022-01-11,New York,36,4244155,60428
2022-01-12,New York,36,4299066,60638
2022-01-13,New York,36,4361115,60876
2022-01-14,New York,36,4408467,61099
2022-01-15,New York,36,4456337,61193
2022-01-16,New York,36,4507601,61259
2022-01-17,New York,36,4534373,61522
2022-01-18,New York,36,4556685,61859
2022-01-19,New York,36,4580060,62117
2022-01-20,New York,36,4610691,62319
2022-01-21,New York,36,4638987,62543
2022-01-22,New York,36,4666630,62632
2022-01-23,New York,36,4686169,62853
2022-01-24,New York,36,4698835,62960
2022-01-25,New York,36,4714703,63264
2022-01-26,New York,36,4730351,63505
2022-01-27,New York,36,4747515,63697
2022-01-28,New York,36,4761590,63910
2022-01-29,New York,36,4774123,64113
2022-01-30,New York,36,4779854,64176
2022-01-31,New York,36,4789532,64247
2022-02-01,New York,36,4796000,64461
2022-02-02,New York,36,4804328,64646
2022-02-03,New York,36,4814634,64812
2022-02-04,New York,36,4822350,64965
2022-02-05,New York,36,4827018,65013
2022-02-06,New York,36,4835502,65148
2022-02-07,New York,36,4839530,65217
2022-02-08,New York,36,4843719,65402
2022-02-09,New York,36,4849690,65553
2022-02-10,New York,36,4857125,65665
2022-02-11,New York,36,4861945,65785
2022-02-12,New York,36,4864803,65785
2022-02-13,New York,36,4870144,65912
2022-02-14,New York,36,4872741,65943
2022-02-15,New York,36,4875031,66078
2022-02-16,New York,36,4878130,66152
2022-02-17,New York,36,4881848,66224
2022-02-18,New York,36,4886716,66303
2022-02-19,New York,36,4888802,66322
2022-02-20,New York,36,4890443,66349
2022-02-21,New York,36,4894236,66418
2022-02-22,New York,36,4895859,66485
2022-02-23,New York,36,4898058,66544
2022-02-24,New York,36,4900723,66602
2022-02-25,New York,36,4903132,66658
2022-02-26,New York,36,4904574,66681
2022-02-27,New York,36,4907229,66726
2022-02-28,New York,36,4908495,66741
2022-03-01,New York,36,4909771,66791
2022-03-02,New York,36,4911447,66829
2022-03-03,New York,36,4913870,66863
2022-03-04,New York,36,4914637,66895
2022-03-05,New York,36,4917196,66907
2022-03-06,New York,36,4920181,66940
2022-03-07,New York,36,4921272,66955
2022-03-08,New York,36,4922305,66990
2022-03-09,New York,36,4923926,66995
2022-03-10,New York,36,4925680,67003
2022-03-11,New York,36,4927976,67027
2022-03-12,New York,36,4928980,67027
2022-03-13,New York,36,4931658,67067
2022-03-14,New York,36,4932742,67073
2022-03-15,New York,36,4935240,67105
2022-03-16,New York,36,4937364,67145
2022-03-17,New York,36,4939755,67172
2022-03-18,New York,36,4941880,67191
2022-03-19,New York,36,4943481,67194
2022-03-20,New York,36,4946816,67198
2022-03-21,New York,36,4948160,67203
2022-03-22,New York,36,4949516,67218
2022-03-23,New York,36,4953072,67238
2022-03-24,New York,36,4956766,67242
2022-03-25,New York,36,4960146,67254
2022-03-26,New York,36,4961905,67264
2022-03-27,New York,36,4966262,67276
2022-03-28,New York,36,4968589,67285
2022-03-29,New York,36,4970905,67299
2022-03-30,New York,36,4973964,67306
2022-03-31,New York,36,4978875,67313
2022-04-01,New York,36,4982764,67330
2022-04-02,New York,36,4985141,67334
2022-04-03,New York,36,4987149,67341
2022-04-04,New York,36,4993542,67354
2022-04-05,New York,36,4996128,67357
2022-04-06,New York,36,4999644,67369
2022-04-07,New York,36,5005809,67378
2022-04-08,New York,36,5011544,67387
2022-04-09,New York,36,5014807,67394
2022-04-10,New York,36,5018213,67401
2022-04-11,New York,36,5027587,67413
2022-04-12,New York,36,5031095,67427
2022-04-13,New York,36,5036645,67442
2022-04-14,New York,36,5044079,67447
2022-04-15,New York,36,5050965,67459
2022-04-16,New York,36,5055230,67459
2022-04-17,New York,36,5058582,67459
2022-04-18,New York,36,5068947,67470
2022-04-19,New York,36,5073609,67507
2022-04-20,New York,36,5080508,67525
2022-04-21,New York,36,5087631,67547
2022-04-22,New York,36,5096091,67557
2022-04-23,New York,36,5100177,67561
2022-04-24,New York,36,5104382,67572
2022-04-25,New York,36,5114160,67587
2022-04-26,New York,36,5118962,67605
2022-04-27,New York,36,5126231,67625
2022-04-28,New York,36,5136083,67648
2022-04-29,New York,36,5144886,67664
2022-04-30,New York,36,5150193,67684
2022-05-01,New York,36,5154714,67694
2022-05-02,New York,36,5166413,67711
2022-05-03,New York,36,5172487,67727
2022-05-04,New York,36,5180822,67745
2022-05-05,New York,36,5191562,67770
2022-05-06,New York,36,5202698,67786
2022-05-07,New York,36,5209140,67797
2022-05-08,New York,36,5215540,67816
2022-05-09,New York,36,5232634,67837
2022-05-10,New York,36,5239296,67865
2022-05-11,New York,36,5248641,67892
2022-05-12,New York,36,5262629,67913
2022-05-13,New York,36,5274472,67938
2022-05-14,New York,36,5280834,67953
2022-05-15,New York,36,5286182,67971
2022-05-16,New York,36,5301899,68004
2022-05-17,New York,36,5309983,68033
2022-05-18,New York,36,5320730,68055
2022-05-19,New York,36,5332600,68084
2022-05-20,New York,36,5343396,68112
2022-05-21,New York,36,5343396,68112
2022-05-22,New York,36,5352710,68140
2022-05-23,New York,36,5369376,68165
2022-05-24,New York,36,5376056,68206
2022-05-25,New York,36,5384203,68237
2022-05-26,New York,36,5394508,68254
2022-05-27,New York,36,5404333,68292
2022-05-28,New York,36,5404333,68292
2022-05-29,New York,36,5404333,68292
2022-05-30,New York,36,5404333,68292
2022-05-31,New York,36,5428274,68327
2022-06-01,New York,36,5433881,68383
2022-06-02,New York,36,5439906,68413
2022-06-03,New York,36,5448458,68440
2022-06-04,New York,36,5451859,68460
2022-06-05,New York,36,5454480,68470
2022-06-06,New York,36,5466857,68489
2022-06-07,New York,36,5471652,68526
2022-06-08,New York,36,5478718,68556
2022-06-09,New York,36,5485426,68581
2022-06-10,New York,36,5488041,68589
2022-06-11,New York,36,5490444,68597
2022-06-12,New York,36,5492398,68597
2022-06-13,New York,36,5506904,68624
2022-06-14,New York,36,5510697,68680
2022-06-15,New York,36,5515340,68712
2022-06-16,New York,36,5521537,68743
2022-06-17,New York,36,5527191,68759
2022-06-18,New York,36,5529583,68759
2022-06-19,New York,36,5531416,68759
2022-06-20,New York,36,5532863,68759
2022-06-21,New York,36,5545860,68781
2022-06-22,New York,36,5549995,68829
2022-06-23,New York,36,5555804,68869
2022-06-24,New York,36,5563095,68886
2022-06-25,New York,36,5565498,68886
2022-06-26,New York,36,5567573,68886
2022-06-27,New York,36,5579899,68899
2022-06-28,New York,36,5584234,68943
2022-06-29,New York,36,5589488,68967
2022-06-30,New York,36,5596869,68988
2022-07-01,New York,36,5604401,69011
2022-07-02,New York,36,5607336,69011
2022-07-03,New York,36,5609533,69011
2022-07-04,New York,36,5611362,69020
2022-07-05,New York,36,5627516,69037
2022-07-06,New York,36,5632283,69051
2022-07-07,New York,36,5638156,69106
2022-07-08,New York,36,5647470,69118
2022-07-09,New York,36,5650598,69118
2022-07-10,New York,36,5653107,69118
2022-07-11,New York,36,5668334,69141
2022-07-12,New York,36,5676121,69182
2022-07-13,New York,36,5682130,69201
2022-07-14,New York,36,5691891,69223
2022-07-15,New York,36,5700453,69245
2022-07-16,New York,36,5703638,69245
2022-07-17,New York,36,5706285,69245
2022-07-18,New York,36,5722320,69268
2022-07-19,New York,36,5727636,69322
2022-07-20,New York,36,5735607,69352
2022-07-21,New York,36,5744579,69369
2022-07-22,New York,36,5752964,69408
2022-07-23,New York,36,5756123,69408
2022-07-24,New York,36,5758805,69408
2022-07-25,New York,36,5773608,69435
2022-07-26,New York,36,5778917,69495
2022-07-27,New York,36,5785423,69522
2022-07-28,New York,36,5793691,69564
2022-07-29,New York,36,5796900,69576
2022-07-30,New York,36,5799922,69576
2022-07-31,New York,36,5802579,69576
2022-08-01,New York,36,5821036,69628
2022-08-02,New York,36,5825470,69689
2022-08-03,New York,36,5828675,69697
2022-08-04,New York,36,5840606,69763
2022-08-05,New York,36,5848249,69794
2022-08-06,New York,36,5850790,69794
2022-08-07,New York,36,5852939,69794
2022-08-08,New York,36,5864089,69815
2022-08-09,New York,36,5868484,69877
2022-08-10,New York,36,5874882,69911
2022-08-11,New York,36,5882394,69941
2022-08-12,New York,36,5888845,69976
2022-08-13,New York,36,5891418,69976
2022-08-14,New York,36,5893546,69976
2022-08-15,New York,36,5900333,70001
2022-08-16,New York,36,5902192,70026
2022-08-17,New York,36,5911816,70079
2022-08-18,New York,36,5917733,70102
2022-08-19,New York,36,5923462,70130
2022-08-20,New York,36,5925952,70130
2022-08-21,New York,36,5928033,70130
2022-08-22,New York,36,5937264,70162
2022-08-23,New York,36,5941134,70216
2022-08-24,New York,36,5945342,70248
2022-08-25,New York,36,5951183,70273
2022-08-26,New York,36,5956144,70290
2022-08-27,New York,36,5958345,70290
2022-08-28,New York,36,5960376,70290
2022-08-29,New York,36,5968639,70330
2022-08-30,New York,36,5971989,70374
2022-08-31,New York,36,5975934,70403
2022-09-01,New York,36,5981489,70441
2022-09-02,New York,36,5985714,70458
2022-09-03,New York,36,5987951,70458
2022-09-04,New York,36,5989830,70458
2022-09-05,New York,36,5991162,70458
2022-09-06,New York,36,5999853,70499
2022-09-07,New York,36,6003329,70551
2022-09-08,New York,36,6007018,70581
2022-09-09,New York,36,6009470,70588
2022-09-10,New York,36,6011665,70588
2022-09-11,New York,36,6014083,70588
2022-09-12,New York,36,6023808,70643
2022-09-13,New York,36,6026783,70697
2022-09-14,New York,36,6031598,70733
2022-09-15,New York,36,6033898,70740
2022-09-16,New York,36,6041536,70780
2022-09-17,New York,36,6044796,70780
2022-09-18,New York,36,6047070,70780
2022-09-19,New York,36,6055837,70802
2022-09-20,New York,36,6059413,70850
2022-09-21,New York,36,6064374,70875
2022-09-22,New York,36,6070978,70894
2022-09-23,New York,36,6076941,70920
2022-09-24,New York,36,6079789,70920
2022-09-25,New York,36,6082194,70920
2022-09-26,New York,36,6090273,70936
2022-09-27,New York,36,6093545,70981
2022-09-28,New York,36,6097881,71008
2022-09-29,New York,36,6103582,71073
2022-09-30,New York,36,6109107,71097
2022-10-01,New York,36,6111750,71097
2022-10-02,New York,36,6113898,71097
2022-10-03,New York,36,6122102,71124
2022-10-04,New York,36,6125135,71167
2022-10-05,New York,36,6129292,71186
2022-10-06,New York,36,6134586,71224
2022-10-07,New York,36,6139022,71257
2022-10-08,New York,36,6141662,71257
2022-10-09,New York,36,6143840,71257
2022-10-10,New York,36,6145553,71257
2022-10-11,New York,36,6154746,71298
2022-10-12,New York,36,6158609,71373
2022-10-13,New York,36,6163421,71422
2022-10-14,New York,36,6166185,71435
2022-10-15,New York,36,6168370,71435
2022-10-16,New York,36,6170556,71435
2022-10-17,New York,36,6181479,71481
2022-10-18,New York,36,6184627,71541
2022-10-19,New York,36,6188598,71589
2022-10-20,New York,36,6193728,71623
2022-10-21,New York,36,6198574,71840
2022-10-22,New York,36,6200626,71840
2022-10-23,New York,36,6202365,71840
2022-10-24,New York,36,6210099,71874
2022-10-25,New York,36,6213286,71937
2022-10-26,New York,36,6217634,72393
2022-10-27,New York,36,6223314,72424
2022-10-28,New York,36,6228543,72414
2022-10-29,New York,36,6230820,72414
2022-10-30,New York,36,6232565,72414
2022-10-31,New York,36,6241217,72399
2022-11-01,New York,36,6244198,72437
2022-11-02,New York,36,6248012,72468
2022-11-03,New York,36,6253375,72505
2022-11-04,New York,36,6258681,72537
2022-11-05,New York,36,6260856,72537
2022-11-06,New York,36,6262784,72537
2022-11-07,New York,36,6272789,72572
2022-11-08,New York,36,6274325,72619
2022-11-09,New York,36,6280581,72667
2022-11-10,New York,36,6286317,72674
2022-11-11,New York,36,6288122,76406
2022-11-12,New York,36,6289735,76406
2022-11-13,New York,36,6291147,76406
2022-11-14,New York,36,6302495,76407
2022-11-15,New York,36,6305957,76445
2022-11-16,New York,36,6309897,76488
2022-11-17,New York,36,6315469,76506
2022-11-18,New York,36,6320328,76525
2022-11-19,New York,36,6322200,76525
2022-11-20,New York,36,6323637,76525
2022-11-21,New York,36,6331740,76539
2022-11-22,New York,36,6334600,76564
2022-11-23,New York,36,6338021,76618
2022-11-24,New York,36,6340383,76618
2022-11-25,New York,36,6342118,76618
2022-11-26,New York,36,6343119,76618
2022-11-27,New York,36,6344503,76618
2022-11-28,New York,36,6357517,76665
2022-11-29,New York,36,6363550,76709
2022-11-30,New York,36,6370527,76738
2022-12-01,New York,36,6380036,76759
2022-12-02,New York,36,6388095,76783
2022-12-03,New York,36,6390906,76783
2022-12-04,New York,36,6392764,76783
2022-12-05,New York,36,6404665,76805
2022-12-06,New York,36,6409790,76842
2022-12-07,New York,36,6415690,76871
2022-12-08,New York,36,6423868,77173
2022-12-09,New York,36,6431394,77194
2022-12-10,New York,36,6434003,77194
2022-12-11,New York,36,6436710,77194
2022-12-12,New York,36,6449500,77227
2022-12-13,New York,36,6454678,77272
2022-12-14,New York,36,6460218,77303
2022-12-15,New York,36,6468605,77331
2022-12-16,New York,36,6476461,77336
2022-12-17,New York,36,6479369,77336
2022-12-18,New York,36,6481785,77336
2022-12-19,New York,36,6495361,77378
2022-12-20,New York,36,6500483,77440
2022-12-21,New York,36,6506566,77478
2022-12-22,New York,36,6515108,77514
2022-12-23,New York,36,6523020,77546
2022-12-24,New York,36,6526059,77546
2022-12-25,New York,36,6528288,77546
2022-12-26,New York,36,6529668,77546
2022-12-27,New York,36,6543018,77577
2022-12-28,New York,36,6546293,77619
2022-12-29,New York,36,6552600,77677
2022-12-30,New York,36,6560495,77722
2022-12-31,New York,36,6563605,77722
2023-01-01,New York,36,6566031,77722
2023-01-02,New York,36,6567878,77722
2023-01-03,New York,36,6582419,77777
2023-01-04,New York,36,6586454,78127
2023-01-05,New York,36,6593541,78166
2023-01-06,New York,36,6601432,78198
2023-01-07,New York,36,6604330,78198
2023-01-08,New York,36,6606540,78198
2023-01-09,New York,36,6618315,78224
2023-01-10,New York,36,6622254,78285
2023-01-11,New York,36,6626601,78345
2023-01-12,New York,36,6632546,78380
2023-01-13,New York,36,6637885,78413
2023-01-14,New York,36,6639915,78413
2023-01-15,New York,36,6641533,78413
2023-01-16,New York,36,6642793,78413
2023-01-17,New York,36,6653128,78448
2023-01-18,New York,36,6656713,78492
2023-01-19,New York,36,6662129,78495
2023-01-20,New York,36,6664335,78497
2023-01-21,New York,36,6666239,78497
2023-01-22,New York,36,6667777,78497
2023-01-23,New York,36,6679070,78627
2023-01-24,New York,36,6682326,78679
2023-01-25,New York,36,6685794,78700
2023-01-26,New York,36,6690468,78721
2023-01-27,New York,36,6692351,78723
2023-01-28,New York,36,6694112,78723
2023-01-29,New York,36,6695611,78723
2023-01-30,New York,36,6704403,78808
2023-01-31,New York,36,6706997,78850
2023-02-01,New York,36,6710087,78874
2023-02-02,New York,36,6714356,78902
2023-02-03,New York,36,6718359,78920
2023-02-04,New York,36,6719994,78920
2023-02-05,New York,36,6721204,78920
2023-02-06,New York,36,6726188,78950
2023-02-07,New York,36,6728037,78981
2023-02-08,New York,36,6730531,79017
2023-02-09,New York,36,6734154,79063
2023-02-10,New York,36,6737292,79081
2023-02-11,New York,36,6738718,79081
2023-02-12,New York,36,6739840,79081
2023-02-13,New York,36,6744066,79112
2023-02-14,New York,36,6746028,79141
2023-02-15,New York,36,6748537,79170
2023-02-16,New York,36,6751472,79186
2023-02-17,New York,36,6753973,79203
2023-02-18,New York,36,6756370,79204
2023-02-19,New York,36,6757482,79204
2023-02-20,New York,36,6758339,79204
2023-02-21,New York,36,6764874,79226
2023-02-22,New York,36,6764874,79231
2023-02-23,New York,36,6767680,79264
2023-02-24,New York,36,6769755,79266
2023-02-25,New York,36,6770793,79266
2023-02-26,New York,36,6771746,79266
2023-02-27,New York,36,6774709,79162
2023-02-28,New York,36,6776934,79625
2023-03-01,New York,36,6777357,79643
2023-03-02,New York,36,6779740,79671
2023-03-03,New York,36,6781487,79675
2023-03-04,New York,36,6782482,79675
2023-03-05,New York,36,6783247,79675
2023-03-06,New York,36,6785652,79680
2023-03-07,New York,36,6786691,79689
2023-03-08,New York,36,6788050,79701
2023-03-09,New York,36,6789563,79986
2023-03-10,New York,36,6790972,79962
2023-03-11,New York,36,6791884,79962
2023-03-12,New York,36,6792530,79962
2023-03-13,New York,36,6794582,79964
2023-03-14,New York,36,6795449,79975
2023-03-15,New York,36,6796539,79988
2023-03-16,New York,36,6797987,79975
2023-03-17,New York,36,6799260,79982
2023-03-18,New York,36,6800040,79982
2023-03-19,New York,36,6800591,79982
2023-03-20,New York,36,6801319,79984
2023-03-21,New York,36,6802990,79987
2023-03-22,New York,36,6803974,80138
2023-03-23,New York,36,6805271,80109
