2020-02-12,Texas,48,1,0
2020-02-13,Texas,48,2,0
2020-02-14,Texas,48,2,0
2020-02-15,Texas,48,2,0
2020-02-16,Texas,48,2,0
2020-02-17,Texas,48,2,0
2020-02-18,Texas,48,2,0
2020-02-19,Texas,48,2,0
2020-02-20,Texas,48,2,0
2020-02-21,Texas,48,4,0
2020-02-22,Texas,48,4,0
2020-02-23,Texas,48,4,0
2020-02-24,Texas,48,10,0
2020-02-25,Texas,48,10,0
2020-02-26,Texas,48,10,0
2020-02-27,Texas,48,10,0
2020-02-28,Texas,48,11,0
2020-02-29,Texas,48,11,0
2020-03-01,Texas,48,11,0
2020-03-02,Texas,48,11,0
2020-03-03,Texas,48,11,0
2020-03-04,Texas,48,12,0
2020-03-05,Texas,48,16,0
2020-03-06,Texas,48,19,0
2020-03-07,Texas,48,19,0
2020-03-08,Texas,48,23,0
2020-03-09,Texas,48,24,0
2020-03-10,Texas,48,31,0
2020-03-11,Texas,48,33,0
2020-03-12,Texas,48,41,0
2020-03-13,Texas,48,58,0
2020-03-14,Texas,48,69,0
2020-03-15,Texas,48,80,0
2020-03-16,Texas,48,87,1
2020-03-17,Texas,48,106,1
2020-03-18,Texas,48,166,2
2020-03-19,Texas,48,248,4
2020-03-20,Texas,48,386,5
2020-03-21,Texas,48,547,5
2020-03-22,Texas,48,639,7
2020-03-23,Texas,48,728,7
2020-03-24,Texas,48,857,11
2020-03-25,Texas,48,1132,13
2020-03-26,Texas,48,1542,21
2020-03-27,Texas,48,1971,25
2020-03-28,Texas,48,2381,30
2020-03-29,Texas,48,2722,35
2020-03-30,Texas,48,3065,46
2020-03-31,Texas,48,3588,57
2020-04-01,Texas,48,4402,65
2020-04-02,Texas,48,4952,80
2020-04-03,Texas,48,5773,98
2020-04-04,Texas,48,6566,124
2020-04-05,Texas,48,7117,136
2020-04-06,Texas,48,8150,159
2020-04-07,Texas,48,8968,177
2020-04-08,Texas,48,9897,195
2020-04-09,Texas,48,11372,228
2020-04-10,Texas,48,12291,249
2020-04-11,Texas,48,13208,265
2020-04-12,Texas,48,13776,288
2020-04-13,Texas,48,14487,320
2020-04-14,Texas,48,15303,365
2020-04-15,Texas,48,16106,395
2020-04-16,Texas,48,16928,428
2020-04-17,Texas,48,18131,461
2020-04-18,Texas,48,18927,487
2020-04-19,Texas,48,19441,503
2020-04-20,Texas,48,20035,523
2020-04-21,Texas,48,20949,552
2020-04-22,Texas,48,21769,571
2020-04-23,Texas,48,22706,601
2020-04-24,Texas,48,23650,625
2020-04-25,Texas,48,24494,662
2020-04-26,Texas,48,25209,676
2020-04-27,Texas,48,25963,699
2020-04-28,Texas,48,26868,738
2020-04-29,Texas,48,27839,776
2020-04-30,Texas,48,29072,828
2020-05-01,Texas,48,30342,853
2020-05-02,Texas,48,31433,875
2020-05-03,Texas,48,32299,890
2020-05-04,Texas,48,33134,914
2020-05-05,Texas,48,34286,955
2020-05-06,Texas,48,35441,985
2020-05-07,Texas,48,36682,1016
2020-05-08,Texas,48,37943,1059
2020-05-09,Texas,48,38849,1086
2020-05-10,Texas,48,40037,1110
2020-05-11,Texas,48,40988,1137
2020-05-12,Texas,48,42348,1169
2020-05-13,Texas,48,43822,1205
2020-05-14,Texas,48,45169,1256
2020-05-15,Texas,48,46987,1300
2020-05-16,Texas,48,47866,1330
2020-05-17,Texas,48,48828,1356
2020-05-18,Texas,48,49788,1362
2020-05-19,Texas,48,51080,1405
2020-05-20,Texas,48,52369,1443
2020-05-21,Texas,48,53441,1480
2020-05-22,Texas,48,54369,1498
2020-05-23,Texas,48,55451,1522
2020-05-24,Texas,48,56050,1533
2020-05-25,Texas,48,56490,1536
2020-05-26,Texas,48,57573,1552
2020-05-27,Texas,48,59105,1598
2020-05-28,Texas,48,60820,1618
2020-05-29,Texas,48,62073,1645
2020-05-30,Texas,48,63396,1676
2020-05-31,Texas,48,64974,1683
2020-06-01,Texas,48,66081,1695
2020-06-02,Texas,48,67966,1732
2020-06-03,Texas,48,69546,1766
2020-06-04,Texas,48,71330,1793
2020-06-05,Texas,48,73323,1821
2020-06-06,Texas,48,75077,1840
2020-06-07,Texas,48,75948,1846
2020-06-08,Texas,48,77326,1856
2020-06-09,Texas,48,79271,1886
2020-06-10,Texas,48,81771,1916
2020-06-11,Texas,48,83772,1942
2020-06-12,Texas,48,86031,1965
2020-06-13,Texas,48,88120,1989
2020-06-14,Texas,48,89542,1995
2020-06-15,Texas,48,91726,2018
2020-06-16,Texas,48,95973,2057
2020-06-17,Texas,48,99466,2099
2020-06-18,Texas,48,102677,2137
2020-06-19,Texas,48,107322,2168
2020-06-20,Texas,48,111594,2186
2020-06-21,Texas,48,114886,2195
2020-06-22,Texas,48,119646,2213
2020-06-23,Texas,48,124726,2246
2020-06-24,Texas,48,131310,2292
2020-06-25,Texas,48,136783,2321
2020-06-26,Texas,48,142582,2362
2020-06-27,Texas,48,148639,2398
2020-06-28,Texas,48,152866,2408
2020-06-29,Texas,48,158756,2430
2020-06-30,Texas,48,166703,2482
2020-07-01,Texas,48,174826,2518
2020-07-02,Texas,48,182260,2562
2020-07-03,Texas,48,190049,2609
2020-07-04,Texas,48,195707,2646
2020-07-05,Texas,48,200137,2666
2020-07-06,Texas,48,209350,2726
2020-07-07,Texas,48,219164,2816
2020-07-08,Texas,48,229116,2935
2020-07-09,Texas,48,240025,3037
2020-07-10,Texas,48,249948,3129
2020-07-11,Texas,48,258280,3206
2020-07-12,Texas,48,264811,3246
2020-07-13,Texas,48,273732,3313
2020-07-14,Texas,48,284638,3449
2020-07-15,Texas,48,296478,3590
2020-07-16,Texas,48,311516,3744
2020-07-17,Texas,48,321254,3889
2020-07-18,Texas,48,330059,3972
2020-07-19,Texas,48,338036,4033
2020-07-20,Texas,48,345672,4160
2020-07-21,Texas,48,355594,4319
2020-07-22,Texas,48,366561,4522
2020-07-23,Texas,48,376104,4714
2020-07-24,Texas,48,383662,4876
2020-07-25,Texas,48,391609,5002
2020-07-26,Texas,48,395738,5090
2020-07-27,Texas,48,402295,6292
2020-07-28,Texas,48,412849,6518
2020-07-29,Texas,48,421891,6834
2020-07-30,Texas,48,432134,6987
2020-07-31,Texas,48,443090,7273
2020-08-01,Texas,48,448224,7477
2020-08-02,Texas,48,454759,7520
2020-08-03,Texas,48,463541,7697
2020-08-04,Texas,48,473105,7951
2020-08-05,Texas,48,482467,8152
2020-08-06,Texas,48,490102,8400
2020-08-07,Texas,48,498266,8680
2020-08-08,Texas,48,504605,8885
2020-08-09,Texas,48,510392,8984
2020-08-10,Texas,48,517182,9064
2020-08-11,Texas,48,524898,9311
2020-08-12,Texas,48,531825,9645
2020-08-13,Texas,48,538805,9879
2020-08-14,Texas,48,547670,10195
2020-08-15,Texas,48,555343,10379
2020-08-16,Texas,48,563464,10498
2020-08-17,Texas,48,569058,10559
2020-08-18,Texas,48,577220,10798
2020-08-19,Texas,48,582623,11043
2020-08-20,Texas,48,587900,11248
2020-08-21,Texas,48,593405,11483
2020-08-22,Texas,48,599156,11650
2020-08-23,Texas,48,602144,11760
2020-08-24,Texas,48,607621,11824
2020-08-25,Texas,48,613707,12012
2020-08-26,Texas,48,619836,12212
2020-08-27,Texas,48,623647,12444
2020-08-28,Texas,48,628492,12615
2020-08-29,Texas,48,633834,12733
2020-08-30,Texas,48,636547,12807
2020-08-31,Texas,48,640317,12857
2020-09-01,Texas,48,645534,13004
2020-09-02,Texas,48,649844,13185
2020-09-03,Texas,48,653321,13387
2020-09-04,Texas,48,658789,13516
2020-09-05,Texas,48,663246,13660
2020-09-06,Texas,48,665338,13739
2020-09-07,Texas,48,666209,13781
2020-09-08,Texas,48,670427,13855
2020-09-09,Texas,48,675149,13986
2020-09-10,Texas,48,677888,13998
2020-09-11,Texas,48,683295,14279
2020-09-12,Texas,48,685921,14384
2020-09-13,Texas,48,689941,14458
2020-09-14,Texas,48,694547,14508
2020-09-15,Texas,48,701509,14661
2020-09-16,Texas,48,706034,14803
2020-09-17,Texas,48,710423,14909
2020-09-18,Texas,48,713652,15037
2020-09-19,Texas,48,716914,15124
2020-09-20,Texas,48,722460,15159
2020-09-21,Texas,48,744736,15212
2020-09-22,Texas,48,749069,15322
2020-09-23,Texas,48,753551,15455
2020-09-24,Texas,48,758379,15587
2020-09-25,Texas,48,761644,15637
2020-09-26,Texas,48,764642,15792
2020-09-27,Texas,48,770539,15831
2020-09-28,Texas,48,773679,15898
2020-09-29,Texas,48,780543,15994
2020-09-30,Texas,48,784027,16102
2020-10-01,Texas,48,788066,16220
2020-10-02,Texas,48,793962,16307
2020-10-03,Texas,48,799411,16440
2020-10-04,Texas,48,802440,16471
2020-10-05,Texas,48,806535,16519
2020-10-06,Texas,48,811191,16622
2020-10-07,Texas,48,817166,16747
2020-10-08,Texas,48,821732,16853
2020-10-09,Texas,48,826241,16955
2020-10-10,Texas,48,829758,17019
2020-10-11,Texas,48,832750,17047
2020-10-12,Texas,48,836807,17073
2020-10-13,Texas,48,842316,17165
2020-10-14,Texas,48,848168,17276
2020-10-15,Texas,48,853977,17362
2020-10-16,Texas,48,859567,17454
2020-10-17,Texas,48,863993,17518
2020-10-18,Texas,48,869376,17541
2020-10-19,Texas,48,874080,17564
2020-10-20,Texas,48,879949,17644
2020-10-21,Texas,48,886421,17743
2020-10-22,Texas,48,891714,17760
2020-10-23,Texas,48,899390,17874
2020-10-24,Texas,48,906657,17998
2020-10-25,Texas,48,910592,18042
2020-10-26,Texas,48,917240,18077
2020-10-27,Texas,48,924475,18155
2020-10-28,Texas,48,932245,18251
2020-10-29,Texas,48,939355,18372
2020-10-30,Texas,48,946023,18477
2020-10-31,Texas,48,953451,18549
2020-11-01,Texas,48,957789,18582
2020-11-02,Texas,48,965780,18626
2020-11-03,Texas,48,974292,18722
2020-11-04,Texas,48,984919,18870
2020-11-05,Texas,48,993894,19000
2020-11-06,Texas,48,1003908,19125
2020-11-07,Texas,48,1009837,19219
2020-11-08,Texas,48,1016772,19256
2020-11-09,Texas,48,1026570,19298
2020-11-10,Texas,48,1038214,19423
2020-11-11,Texas,48,1051071,19544
2020-11-12,Texas,48,1060798,19705
2020-11-13,Texas,48,1073382,19917
2020-11-14,Texas,48,1083132,20035
2020-11-15,Texas,48,1090500,20110
2020-11-16,Texas,48,1101781,20157
2020-11-17,Texas,48,1112676,20278
2020-11-18,Texas,48,1125898,20471
2020-11-19,Texas,48,1139676,20689
2020-11-20,Texas,48,1153363,20872
2020-11-21,Texas,48,1164267,21004
2020-11-22,Texas,48,1172761,21083
2020-11-23,Texas,48,1183834,21144
2020-11-24,Texas,48,1204366,21338
2020-11-25,Texas,48,1219283,21536
2020-11-26,Texas,48,1223893,21709
2020-11-27,Texas,48,1228514,21762
2020-11-28,Texas,48,1234740,21847
2020-11-29,Texas,48,1246883,21900
2020-11-30,Texas,48,1261943,21968
2020-12-01,Texas,48,1275295,22204
2020-12-02,Texas,48,1293839,22422
2020-12-03,Texas,48,1311751,22645
2020-12-04,Texas,48,1325855,22890
2020-12-05,Texas,48,1337030,23111
2020-12-06,Texas,48,1346249,23187
2020-12-07,Texas,48,1361070,23258
2020-12-08,Texas,48,1374960,23439
2020-12-09,Texas,48,1390227,23727
2020-12-10,Texas,48,1403359,23967
2020-12-11,Texas,48,1461605,24208
2020-12-12,Texas,48,1473080,24400
2020-12-13,Texas,48,1479805,24501
2020-12-14,Texas,48,1493407,24582
2020-12-15,Texas,48,1513068,24796
2020-12-16,Texas,48,1534822,25078
2020-12-17,Texas,48,1551333,25336
2020-12-18,Texas,48,1570679,25608
2020-12-19,Texas,48,1584055,25841
2020-12-20,Texas,48,1591885,25948
2020-12-21,Texas,48,1608768,26164
2020-12-22,Texas,48,1630886,26363
2020-12-23,Texas,48,1651560,26624
2020-12-24,Texas,48,1659551,26879
2020-12-25,Texas,48,1661619,27042
2020-12-26,Texas,48,1667352,27062
2020-12-27,Texas,48,1690021,27110
2020-12-28,Texas,48,1710489,27245
2020-12-29,Texas,48,1734268,27499
2020-12-30,Texas,48,1753686,27821
2020-12-31,Texas,48,1770527,28155
2021-01-01,Texas,48,1778306,28434
2021-01-02,Texas,48,1792363,28508
2021-01-03,Texas,48,1808382,28554
2021-01-04,Texas,48,1831486,28681
2021-01-05,Texas,48,1862478,28949
2021-01-06,Texas,48,1887800,29278
2021-01-07,Texas,48,1910426,29645
2021-01-08,Texas,48,1934504,30109
2021-01-09,Texas,48,1952047,30441
2021-01-10,Texas,48,1966081,30599
2021-01-11,Texas,48,1989821,30720
2021-01-12,Texas,48,2017036,31017
2021-01-13,Texas,48,2040144,31396
2021-01-14,Texas,48,2070044,31819
2021-01-15,Texas,48,2094606,32212
2021-01-16,Texas,48,2112925,32581
2021-01-17,Texas,48,2125391,32747
2021-01-18,Texas,48,2136595,32858
2021-01-19,Texas,48,2158462,33176
2021-01-20,Texas,48,2186469,33632
2021-01-21,Texas,48,2207935,34075
2021-01-22,Texas,48,2226203,34496
2021-01-23,Texas,48,2240136,34859
2021-01-24,Texas,48,2247849,35050
2021-01-25,Texas,48,2268260,35236
2021-01-26,Texas,48,2288854,35544
2021-01-27,Texas,48,2308600,36024
2021-01-28,Texas,48,2328099,36434
2021-01-29,Texas,48,2346818,36804
2021-01-30,Texas,48,2360584,37096
2021-01-31,Texas,48,2372960,37242
2021-02-01,Texas,48,2412150,37405
2021-02-02,Texas,48,2430370,37760
2021-02-03,Texas,48,2448334,38203
2021-02-04,Texas,48,2461907,38610
2021-02-05,Texas,48,2476282,39039
2021-02-06,Texas,48,2484782,39330
2021-02-07,Texas,48,2492317,39490
2021-02-08,Texas,48,2503200,39655
2021-02-09,Texas,48,2516432,39973
2021-02-10,Texas,48,2529516,40297
2021-02-11,Texas,48,2541392,40661
2021-02-12,Texas,48,2553677,41063
2021-02-13,Texas,48,2561684,41320
2021-02-14,Texas,48,2566191,41440
2021-02-15,Texas,48,2569113,41484
2021-02-16,Texas,48,2572743,41546
2021-02-17,Texas,48,2577230,41650
2021-02-18,Texas,48,2579584,41764
2021-02-19,Texas,48,2585482,42000
2021-02-20,Texas,48,2590989,42202
2021-02-21,Texas,48,2597379,42321
2021-02-22,Texas,48,2604710,42484
2021-02-23,Texas,48,2614977,42728
2021-02-24,Texas,48,2622573,43053
2021-02-25,Texas,48,2630384,43350
2021-02-26,Texas,48,2641266,43633
2021-02-27,Texas,48,2646681,43772
2021-02-28,Texas,48,2650283,43949
2021-03-01,Texas,48,2658389,44078
2021-03-02,Texas,48,2665566,44353
2021-03-03,Texas,48,2673115,44627
2021-03-04,Texas,48,2680637,44920
2021-03-05,Texas,48,2686191,45195
2021-03-06,Texas,48,2689785,45381
2021-03-07,Texas,48,2692573,45446
2021-03-08,Texas,48,2696533,45570
2021-03-09,Texas,48,2701913,45754
2021-03-10,Texas,48,2707234,45956
2021-03-11,Texas,48,2713387,46168
2021-03-12,Texas,48,2718585,46391
2021-03-13,Texas,48,2721431,46532
2021-03-14,Texas,48,2724143,46588
2021-03-15,Texas,48,2728799,46694
2021-03-16,Texas,48,2734622,46827
2021-03-17,Texas,48,2739163,47000
2021-03-18,Texas,48,2742559,47199
2021-03-19,Texas,48,2746452,47365
2021-03-20,Texas,48,2748905,47462
2021-03-21,Texas,48,2751212,47507
2021-03-22,Texas,48,2754620,47616
2021-03-23,Texas,48,2758973,47701
2021-03-24,Texas,48,2762762,47864
2021-03-25,Texas,48,2768120,47993
2021-03-26,Texas,48,2772019,48126
2021-03-27,Texas,48,2775092,48212
2021-03-28,Texas,48,2778062,48263
2021-03-29,Texas,48,2782555,48309
2021-03-30,Texas,48,2785961,48420
2021-03-31,Texas,48,2790030,48540
2021-04-01,Texas,48,2793685,48654
2021-04-02,Texas,48,2795691,48755
2021-04-03,Texas,48,2797366,48831
2021-04-04,Texas,48,2798366,48851
2021-04-05,Texas,48,2803306,48881
2021-04-06,Texas,48,2807504,48968
2021-04-07,Texas,48,2811415,49076
2021-04-08,Texas,48,2815899,49174
2021-04-09,Texas,48,2819137,49280
2021-04-10,Texas,48,2821570,49345
2021-04-11,Texas,48,2823018,49369
2021-04-12,Texas,48,2828568,49393
2021-04-13,Texas,48,2833381,49456
2021-04-14,Texas,48,2836974,49524
2021-04-15,Texas,48,2840297,49607
2021-04-16,Texas,48,2843308,49676
2021-04-17,Texas,48,2845113,49726
2021-04-18,Texas,48,2846552,49759
2021-04-19,Texas,48,2851247,49780
2021-04-20,Texas,48,2855946,49829
2021-04-21,Texas,48,2860001,49916
2021-04-22,Texas,48,2863676,49984
2021-04-23,Texas,48,2866290,50048
2021-04-24,Texas,48,2868275,50090
2021-04-25,Texas,48,2869755,50103
2021-04-26,Texas,48,2874150,50136
2021-04-27,Texas,48,2877890,50196
2021-04-28,Texas,48,2882018,50274
2021-04-29,Texas,48,2885569,50339
2021-04-30,Texas,48,2889252,50406
2021-05-01,Texas,48,2891264,50458
2021-05-02,Texas,48,2892504,50473
2021-05-03,Texas,48,2896609,50487
2021-05-04,Texas,48,2899356,50567
2021-05-05,Texas,48,2901603,50626
2021-05-06,Texas,48,2904201,50690
2021-05-07,Texas,48,2907084,50748
2021-05-08,Texas,48,2908499,50786
2021-05-09,Texas,48,2909750,50803
2021-05-10,Texas,48,2912414,50828
2021-05-11,Texas,48,2915330,50883
2021-05-12,Texas,48,2917768,50953
2021-05-13,Texas,48,2920004,51003
2021-05-14,Texas,48,2922438,51068
2021-05-15,Texas,48,2923523,51105
2021-05-16,Texas,48,2924188,51105
2021-05-17,Texas,48,2926306,51139
2021-05-18,Texas,48,2929734,51180
2021-05-19,Texas,48,2931630,51238
2021-05-20,Texas,48,2933314,51283
2021-05-21,Texas,48,2934857,51326
2021-05-22,Texas,48,2935806,51366
2021-05-23,Texas,48,2936554,51381
2021-05-24,Texas,48,2939416,51410
2021-05-25,Texas,48,2941936,51453
2021-05-26,Texas,48,2943560,51516
2021-05-27,Texas,48,2945297,51572
2021-05-28,Texas,48,2946950,51625
2021-05-29,Texas,48,2947615,51660
2021-05-30,Texas,48,2947780,51672
2021-05-31,Texas,48,2947933,51673
2021-06-01,Texas,48,2948635,51689
2021-06-02,Texas,48,2950982,51741
2021-06-03,Texas,48,2954086,51798
2021-06-04,Texas,48,2955722,51845
2021-06-05,Texas,48,2957016,51874
2021-06-06,Texas,48,2957646,51891
2021-06-07,Texas,48,2958465,51908
2021-06-08,Texas,48,2960310,51949
2021-06-09,Texas,48,2967261,51986
2021-06-10,Texas,48,2969114,52019
2021-06-11,Texas,48,2970252,52064
2021-06-12,Texas,48,2971075,52096
2021-06-13,Texas,48,2971498,52105
2021-06-14,Texas,48,2972381,52116
2021-06-15,Texas,48,2973462,52147
2021-06-16,Texas,48,2975716,52185
2021-06-17,Texas,48,2976499,52219
2021-06-18,Texas,48,2977580,52266
2021-06-19,Texas,48,2979299,52281
2021-06-20,Texas,48,2979672,52292
2021-06-21,Texas,48,2980325,52300
2021-06-22,Texas,48,2982215,52328
2021-06-23,Texas,48,2983351,52363
2021-06-24,Texas,48,2985029,52396
2021-06-25,Texas,48,2986713,52426
2021-06-26,Texas,48,2988213,52449
2021-06-27,Texas,48,2988389,52458
2021-06-28,Texas,48,2989253,52464
2021-06-29,Texas,48,2990978,52494
2021-06-30,Texas,48,2993964,52518
2021-07-01,Texas,48,2995274,52554
2021-07-02,Texas,48,2997152,52597
2021-07-03,Texas,48,2998381,52621
2021-07-04,Texas,48,2998600,52634
2021-07-05,Texas,48,2999137,52634
2021-07-06,Texas,48,3000308,52656
2021-07-07,Texas,48,3004368,52681
2021-07-08,Texas,48,3006725,52715
2021-07-09,Texas,48,3009125,52751
2021-07-10,Texas,48,3010721,52768
2021-07-11,Texas,48,3011151,52772
2021-07-12,Texas,48,3012965,52796
2021-07-13,Texas,48,3018297,52824
2021-07-14,Texas,48,3023065,52855
2021-07-15,Texas,48,3026074,52892
2021-07-16,Texas,48,3030756,52919
2021-07-17,Texas,48,3033389,52947
2021-07-18,Texas,48,3035135,52956
2021-07-19,Texas,48,3037688,52966
2021-07-20,Texas,48,3042473,52992
2021-07-21,Texas,48,3050283,53035
2021-07-22,Texas,48,3057841,53070
2021-07-23,Texas,48,3064653,53118
2021-07-24,Texas,48,3069699,53141
2021-07-25,Texas,48,3071097,53156
2021-07-26,Texas,48,3076397,53171
2021-07-27,Texas,48,3088278,53210
2021-07-28,Texas,48,3097047,53275
2021-07-29,Texas,48,3112522,53309
2021-07-30,Texas,48,3126717,53367
2021-07-31,Texas,48,3132348,53402
2021-08-01,Texas,48,3135695,53420
2021-08-02,Texas,48,3143940,53450
2021-08-03,Texas,48,3164075,53514
2021-08-04,Texas,48,3175724,53579
2021-08-05,Texas,48,3193258,53656
2021-08-06,Texas,48,3217817,53730
2021-08-07,Texas,48,3229082,53788
2021-08-08,Texas,48,3231454,53816
2021-08-09,Texas,48,3243166,53853
2021-08-10,Texas,48,3263345,53953
2021-08-11,Texas,48,3285199,54061
2021-08-12,Texas,48,3298392,54200
2021-08-13,Texas,48,3316208,54345
2021-08-14,Texas,48,3327117,54441
2021-08-15,Texas,48,3333059,54488
2021-08-16,Texas,48,3346889,54537
2021-08-17,Texas,48,3372386,54643
2021-08-18,Texas,48,3392291,54819
2021-08-19,Texas,48,3410867,55031
2021-08-20,Texas,48,3433517,55229
2021-08-21,Texas,48,3451738,55390
2021-08-22,Texas,48,3455618,55450
2021-08-23,Texas,48,3466970,55509
2021-08-24,Texas,48,3488035,55719
2021-08-25,Texas,48,3511447,55967
2021-08-26,Texas,48,3527090,56228
2021-08-27,Texas,48,3548371,56519
2021-08-28,Texas,48,3558939,56741
2021-08-29,Texas,48,3562808,56850
2021-08-30,Texas,48,3582287,56975
2021-08-31,Texas,48,3604438,57205
2021-09-01,Texas,48,3630865,57533
2021-09-02,Texas,48,3650334,57869
2021-09-03,Texas,48,3677129,58157
2021-09-04,Texas,48,3693335,58422
2021-09-05,Texas,48,3696245,58572
2021-09-06,Texas,48,3700956,58619
2021-09-07,Texas,48,3710719,58788
2021-09-08,Texas,48,3752776,59090
2021-09-09,Texas,48,3784830,59492
2021-09-10,Texas,48,3802905,59905
2021-09-11,Texas,48,3813319,60221
2021-09-12,Texas,48,3815818,60357
2021-09-13,Texas,48,3833311,60475
2021-09-14,Texas,48,3857592,60790
2021-09-15,Texas,48,3880333,61207
2021-09-16,Texas,48,3897271,61573
2021-09-17,Texas,48,3915675,61931
2021-09-18,Texas,48,3925228,62226
2021-09-19,Texas,48,3926755,62323
2021-09-20,Texas,48,3938756,62432
2021-09-21,Texas,48,3954709,62778
2021-09-22,Texas,48,3972002,63162
2021-09-23,Texas,48,3982646,63608
2021-09-24,Texas,48,3999392,64016
2021-09-25,Texas,48,4005238,64274
2021-09-26,Texas,48,4011213,64419
2021-09-27,Texas,48,4021667,64538
2021-09-28,Texas,48,4035865,64806
2021-09-29,Texas,48,4050122,65191
2021-09-30,Texas,48,4059956,65532
2021-10-01,Texas,48,4069475,65858
2021-10-02,Texas,48,4075826,66106
2021-10-03,Texas,48,4076957,66234
2021-10-04,Texas,48,4084775,66367
2021-10-05,Texas,48,4095417,66638
2021-10-06,Texas,48,4108141,67015
2021-10-07,Texas,48,4116095,67267
2021-10-08,Texas,48,4123946,67659
2021-10-09,Texas,48,4128945,67889
2021-10-10,Texas,48,4129954,67994
2021-10-11,Texas,48,4135402,68057
2021-10-12,Texas,48,4145150,68287
2021-10-13,Texas,48,4154847,68587
2021-10-14,Texas,48,4160441,68811
2021-10-15,Texas,48,4167271,69071
2021-10-16,Texas,48,4170584,69273
2021-10-17,Texas,48,4171446,69373
2021-10-18,Texas,48,4176433,69442
2021-10-19,Texas,48,4182689,69649
2021-10-20,Texas,48,4188539,69904
2021-10-21,Texas,48,4194234,70128
2021-10-22,Texas,48,4198500,70355
2021-10-23,Texas,48,4201408,70531
2021-10-24,Texas,48,4202609,70593
2021-10-25,Texas,48,4207000,70665
2021-10-26,Texas,48,4212519,70815
2021-10-27,Texas,48,4216736,71052
2021-10-28,Texas,48,4222837,71214
2021-10-29,Texas,48,4227048,71404
2021-10-30,Texas,48,4230019,71465
2021-10-31,Texas,48,4230417,71517
2021-11-01,Texas,48,4233754,71587
2021-11-02,Texas,48,4238926,71708
2021-11-03,Texas,48,4243192,71862
2021-11-04,Texas,48,4246805,71987
2021-11-05,Texas,48,4249894,72125
2021-11-06,Texas,48,4252114,72235
2021-11-07,Texas,48,4252903,72278
2021-11-08,Texas,48,4255308,72337
2021-11-09,Texas,48,4261017,72439
2021-11-10,Texas,48,4263381,72462
2021-11-11,Texas,48,4269263,72744
2021-11-12,Texas,48,4272527,73014
2021-11-13,Texas,48,4275336,73082
2021-11-14,Texas,48,4275822,73110
2021-11-15,Texas,48,4279225,73160
2021-11-16,Texas,48,4284307,73235
2021-11-17,Texas,48,4288395,73357
2021-11-18,Texas,48,4292678,73497
2021-11-19,Texas,48,4296648,73591
2021-11-20,Texas,48,4298114,73664
2021-11-21,Texas,48,4298896,73689
2021-11-22,Texas,48,4303004,73736
2021-11-23,Texas,48,4306962,73832
2021-11-24,Texas,48,4312664,73921
2021-11-25,Texas,48,4312993,73922
2021-11-26,Texas,48,4313033,73923
2021-11-27,Texas,48,4313070,73923
2021-11-28,Texas,48,4313064,73923
2021-11-29,Texas,48,4321519,74069
2021-11-30,Texas,48,4327626,74145
2021-12-01,Texas,48,4332011,74244
2021-12-02,Texas,48,4336327,74346
2021-12-03,Texas,48,4340505,74422
2021-12-04,Texas,48,4342425,74485
2021-12-05,Texas,48,4343389,74512
2021-12-06,Texas,48,4347374,74532
2021-12-07,Texas,48,4352353,74589
2021-12-08,Texas,48,4356555,74685
2021-12-09,Texas,48,4360146,74767
2021-12-10,Texas,48,4377757,74870
2021-12-11,Texas,48,4381540,74895
2021-12-12,Texas,48,4383362,74923
2021-12-13,Texas,48,4388030,74948
2021-12-14,Texas,48,4393556,75025
2021-12-15,Texas,48,4399099,75112
2021-12-16,Texas,48,4404958,75212
2021-12-17,Texas,48,4411247,75310
2021-12-18,Texas,48,4418022,75371
2021-12-19,Texas,48,4424558,75392
2021-12-20,Texas,48,4435127,75414
2021-12-21,Texas,48,4446330,75472
2021-12-22,Texas,48,4457526,75553
2021-12-23,Texas,48,4469774,75635
2021-12-24,Texas,48,4469813,75635
2021-12-25,Texas,48,4469813,75635
2021-12-26,Texas,48,4469813,75635
2021-12-27,Texas,48,4523360,75796
2021-12-28,Texas,48,4538771,75877
2021-12-29,Texas,48,4554307,75955
2021-12-30,Texas,48,4574376,76061
2021-12-31,Texas,48,4574881,76062
2022-01-01,Texas,48,4578763,76062
2022-01-02,Texas,48,4581606,76062
2022-01-03,Texas,48,4746508,76280
2022-01-04,Texas,48,4800498,76347
2022-01-05,Texas,48,4848294,76446
2022-01-06,Texas,48,4893970,76569
2022-01-07,Texas,48,4947742,76676
2022-01-08,Texas,48,4996914,76770
2022-01-09,Texas,48,5037218,76811
2022-01-10,Texas,48,5085074,76839
2022-01-11,Texas,48,5141662,76949
2022-01-12,Texas,48,5215557,77094
2022-01-13,Texas,48,5287761,77212
2022-01-14,Texas,48,5408781,77347
2022-01-15,Texas,48,5472025,77467
2022-01-16,Texas,48,5522176,77516
2022-01-17,Texas,48,5590444,77519
2022-01-18,Texas,48,5644397,77659
2022-01-19,Texas,48,5700444,77809
2022-01-20,Texas,48,5746859,77986
2022-01-21,Texas,48,5813105,78171
2022-01-22,Texas,48,5876122,78326
2022-01-23,Texas,48,5934240,78388
2022-01-24,Texas,48,5973164,78450
2022-01-25,Texas,48,6018220,78599
2022-01-26,Texas,48,6048954,78887
2022-01-27,Texas,48,6083750,79111
2022-01-28,Texas,48,6122432,79324
2022-01-29,Texas,48,6166582,79519
2022-01-30,Texas,48,6192817,79621
2022-01-31,Texas,48,6219346,79694
2022-02-01,Texas,48,6254867,79934
2022-02-02,Texas,48,6280918,80221
2022-02-03,Texas,48,6308863,80518
2022-02-04,Texas,48,6331037,80685
2022-02-05,Texas,48,6351228,80872
2022-02-06,Texas,48,6369286,80909
2022-02-07,Texas,48,6385413,80980
2022-02-08,Texas,48,6400529,81275
2022-02-09,Texas,48,6415781,81559
2022-02-10,Texas,48,6432669,81851
2022-02-11,Texas,48,6447238,82101
2022-02-12,Texas,48,6458145,82259
2022-02-13,Texas,48,6465781,82457
2022-02-14,Texas,48,6473858,82547
2022-02-15,Texas,48,6485454,82790
2022-02-16,Texas,48,6493562,83070
2022-02-17,Texas,48,6502958,83350
2022-02-18,Texas,48,6514527,83591
2022-02-19,Texas,48,6522401,83782
2022-02-20,Texas,48,6523978,83842
2022-02-21,Texas,48,6528752,83883
2022-02-22,Texas,48,6535366,84080
2022-02-23,Texas,48,6540776,84319
2022-02-24,Texas,48,6547068,84561
2022-02-25,Texas,48,6555122,84739
2022-02-26,Texas,48,6559563,84876
2022-02-27,Texas,48,6560468,84945
2022-02-28,Texas,48,6564429,85000
2022-03-01,Texas,48,6565659,85143
2022-03-02,Texas,48,6569669,85346
2022-03-03,Texas,48,6573893,85461
2022-03-04,Texas,48,6577872,85695
2022-03-05,Texas,48,6581796,85793
2022-03-06,Texas,48,6582314,85835
2022-03-07,Texas,48,6585830,85878
2022-03-08,Texas,48,6590759,85991
2022-03-09,Texas,48,6595895,86117
2022-03-10,Texas,48,6601706,86266
2022-03-11,Texas,48,6609865,86366
2022-03-12,Texas,48,6612985,86455
2022-03-13,Texas,48,6614096,86491
2022-03-14,Texas,48,6615549,86518
2022-03-15,Texas,48,6618765,86589
2022-03-16,Texas,48,6621684,86687
2022-03-17,Texas,48,6626526,86806
2022-03-18,Texas,48,6629741,86879
2022-03-19,Texas,48,6631177,86938
2022-03-20,Texas,48,6633345,86942
2022-03-21,Texas,48,6635291,86987
2022-03-22,Texas,48,6640527,87045
2022-03-23,Texas,48,6652826,87120
2022-03-24,Texas,48,6658957,87185
2022-03-25,Texas,48,6663211,87244
2022-03-26,Texas,48,6668081,87304
2022-03-27,Texas,48,6668425,87328
2022-03-28,Texas,48,6669109,87343
2022-03-29,Texas,48,6674412,87393
2022-03-30,Texas,48,6676944,87452
2022-03-31,Texas,48,6680558,87507
2022-04-01,Texas,48,6683298,87549
2022-04-02,Texas,48,6686081,87580
2022-04-03,Texas,48,6686993,87594
2022-04-04,Texas,48,6689455,87615
2022-04-05,Texas,48,6692587,87649
2022-04-06,Texas,48,6695271,87696
2022-04-07,Texas,48,6699333,87735
2022-04-08,Texas,48,6701915,87747
2022-04-09,Texas,48,6704471,87796
2022-04-10,Texas,48,6705343,87796
2022-04-11,Texas,48,6707059,87801
2022-04-12,Texas,48,6709497,87843
2022-04-13,Texas,48,6712724,87875
2022-04-14,Texas,48,6715756,87896
2022-04-15,Texas,48,6715806,87986
2022-04-16,Texas,48,6715806,87986
2022-04-17,Texas,48,6715806,87986
2022-04-18,Texas,48,6721826,88030
2022-04-19,Texas,48,6725205,88079
2022-04-20,Texas,48,6727842,88121
2022-04-21,Texas,48,6730659,88144
2022-04-22,Texas,48,6734367,88199
2022-04-23,Texas,48,6736643,88206
2022-04-24,Texas,48,6737753,88210
2022-04-25,Texas,48,6738996,88214
2022-04-26,Texas,48,6741552,88234
2022-04-27,Texas,48,6744065,88250
2022-04-28,Texas,48,6746780,88274
2022-04-29,Texas,48,6749603,88291
2022-04-30,Texas,48,6752149,88303
2022-05-01,Texas,48,6753627,88305
2022-05-02,Texas,48,6756246,88311
2022-05-03,Texas,48,6758486,88324
2022-05-04,Texas,48,6761264,88334
2022-05-05,Texas,48,6765736,88346
2022-05-06,Texas,48,6768665,88363
2022-05-07,Texas,48,6771391,88375
2022-05-08,Texas,48,6773157,88376
2022-05-09,Texas,48,6775617,88377
2022-05-10,Texas,48,6778536,88391
2022-05-11,Texas,48,6781837,88414
2022-05-12,Texas,48,6786105,88425
2022-05-13,Texas,48,6791937,88439
2022-05-14,Texas,48,6794907,88446
2022-05-15,Texas,48,6796987,88450
2022-05-16,Texas,48,6799028,88452
2022-05-17,Texas,48,6802180,88462
2022-05-18,Texas,48,6807050,88477
2022-05-19,Texas,48,6811933,88496
2022-05-20,Texas,48,6816947,88507
2022-05-21,Texas,48,6821184,88510
2022-05-22,Texas,48,6825199,88513
2022-05-23,Texas,48,6829709,88519
2022-05-24,Texas,48,6833576,88521
2022-05-25,Texas,48,6838206,88537
2022-05-26,Texas,48,6843822,88542
2022-05-27,Texas,48,6849192,88553
2022-05-28,Texas,48,6849192,88553
2022-05-29,Texas,48,6849192,88553
2022-05-30,Texas,48,6849192,88553
2022-05-31,Texas,48,6868584,88569
2022-06-01,Texas,48,6873618,88572
2022-06-02,Texas,48,6880508,88580
2022-06-03,Texas,48,6887992,88591
2022-06-04,Texas,48,6895024,88596
2022-06-05,Texas,48,6900779,88599
2022-06-06,Texas,48,6906459,88602
2022-06-07,Texas,48,6912227,88615
2022-06-08,Texas,48,6919438,88626
2022-06-09,Texas,48,6927664,88652
2022-06-10,Texas,48,6934174,88668
2022-06-11,Texas,48,6941071,88676
2022-06-12,Texas,48,6946507,88678
2022-06-13,Texas,48,6954222,88684
2022-06-14,Texas,48,6961462,88690
2022-06-15,Texas,48,6968345,88707
2022-06-16,Texas,48,6976498,88713
2022-06-17,Texas,48,6982684,88727
2022-06-18,Texas,48,6987779,88730
2022-06-19,Texas,48,6991344,88742
2022-06-20,Texas,48,6994478,88742
2022-06-21,Texas,48,7012526,88760
2022-06-22,Texas,48,7020325,88775
2022-06-23,Texas,48,7031682,88794
2022-06-24,Texas,48,7043184,88808
2022-06-25,Texas,48,7052334,88826
2022-06-26,Texas,48,7061532,88827
2022-06-27,Texas,48,7071372,88838
2022-06-28,Texas,48,7081610,88848
2022-06-29,Texas,48,7092029,88873
2022-06-30,Texas,48,7105390,88901
2022-07-01,Texas,48,7118332,88923
2022-07-02,Texas,48,7118332,88923
2022-07-03,Texas,48,7118332,88923
2022-07-04,Texas,48,7118682,88923
2022-07-05,Texas,48,7155214,88952
2022-07-06,Texas,48,7164664,88975
2022-07-07,Texas,48,7176272,88997
2022-07-08,Texas,48,7188314,89026
2022-07-09,Texas,48,7200614,89040
2022-07-10,Texas,48,7211734,89045
2022-07-11,Texas,48,7224332,89049
2022-07-12,Texas,48,7236492,89073
2022-07-13,Texas,48,7249005,89097
2022-07-14,Texas,48,7263460,89110
2022-07-15,Texas,48,7277680,89134
2022-07-16,Texas,48,7289325,89155
2022-07-17,Texas,48,7299188,89163
2022-07-18,Texas,48,7311281,89174
2022-07-19,Texas,48,7321472,89201
2022-07-20,Texas,48,7334919,89209
2022-07-21,Texas,48,7347687,89228
2022-07-22,Texas,48,7362382,89268
2022-07-23,Texas,48,7372660,89298
2022-07-24,Texas,48,7382769,89309
2022-07-25,Texas,48,7394661,89321
2022-07-26,Texas,48,7404611,89346
2022-07-27,Texas,48,7415687,89377
2022-07-28,Texas,48,7429581,89399
2022-07-29,Texas,48,7443235,89455
2022-07-30,Texas,48,7443235,89455
2022-07-31,Texas,48,7443235,89455
2022-08-01,Texas,48,7471659,89517
2022-08-02,Texas,48,7485910,89544
2022-08-03,Texas,48,7496176,89592
2022-08-04,Texas,48,7507560,89628
2022-08-05,Texas,48,7519908,89643
2022-08-06,Texas,48,7519908,89643
2022-08-07,Texas,48,7519908,89643
2022-08-08,Texas,48,7544874,89708
2022-08-09,Texas,48,7552874,89753
2022-08-10,Texas,48,7563617,89788
2022-08-11,Texas,48,7575033,89819
2022-08-12,Texas,48,7588881,89859
2022-08-13,Texas,48,7588881,89859
2022-08-14,Texas,48,7589330,89859
2022-08-15,Texas,48,7611171,89908
2022-08-16,Texas,48,7619185,89953
2022-08-17,Texas,48,7627988,89995
2022-08-18,Texas,48,7638144,90023
2022-08-19,Texas,48,7647335,90074
2022-08-20,Texas,48,7647335,90074
2022-08-21,Texas,48,7647335,90074
2022-08-22,Texas,48,7667298,90121
2022-08-23,Texas,48,7673700,90150
2022-08-24,Texas,48,7681619,90188
2022-08-25,Texas,48,7690700,90227
2022-08-26,Texas,48,7700317,90268
2022-08-27,Texas,48,7700317,90268
2022-08-28,Texas,48,7701117,90268
2022-08-29,Texas,48,7719024,90312
2022-08-30,Texas,48,7729794,90355
2022-08-31,Texas,48,7738083,90390
2022-09-01,Texas,48,7748171,90413
2022-09-02,Texas,48,7758066,90450
2022-09-03,Texas,48,7758066,90450
2022-09-04,Texas,48,7758066,90450
2022-09-05,Texas,48,7758225,90450
2022-09-06,Texas,48,7781839,90506
2022-09-07,Texas,48,7787183,90527
2022-09-08,Texas,48,7794086,90554
2022-09-09,Texas,48,7800411,90588
2022-09-10,Texas,48,7800411,90588
2022-09-11,Texas,48,7800411,90588
2022-09-12,Texas,48,7815931,90615
2022-09-13,Texas,48,7817015,90622
2022-09-14,Texas,48,7826318,90673
2022-09-15,Texas,48,7827898,90683
2022-09-16,Texas,48,7838132,90734
2022-09-17,Texas,48,7838132,90734
2022-09-18,Texas,48,7838132,90734
2022-09-19,Texas,48,7848768,90760
2022-09-20,Texas,48,7849650,90760
2022-09-21,Texas,48,7856339,90830
2022-09-22,Texas,48,7856985,90836
2022-09-23,Texas,48,7863796,90898
2022-09-24,Texas,48,7863796,90898
2022-09-25,Texas,48,7863796,90898
2022-09-26,Texas,48,7870558,90931
2022-09-27,Texas,48,7871045,90934
2022-09-28,Texas,48,7876064,90967
2022-09-29,Texas,48,7876661,90977
2022-09-30,Texas,48,7882610,91016
2022-10-01,Texas,48,7882610,91016
2022-10-02,Texas,48,7882610,91016
2022-10-03,Texas,48,7888216,91044
2022-10-04,Texas,48,7888580,91044
2022-10-05,Texas,48,7891906,91080
2022-10-06,Texas,48,7892359,91089
2022-10-07,Texas,48,7896377,91124
2022-10-08,Texas,48,7885190,91038
2022-10-09,Texas,48,7885190,91038
2022-10-10,Texas,48,7889760,91068
2022-10-11,Texas,48,7890116,91071
2022-10-12,Texas,48,7894182,91103
2022-10-13,Texas,48,7894832,91110
2022-10-14,Texas,48,7898606,91139
2022-10-15,Texas,48,7898606,91139
2022-10-16,Texas,48,7898606,91139
2022-10-17,Texas,48,7902996,91156
2022-10-18,Texas,48,7903332,91156
2022-10-19,Texas,48,7906550,91182
2022-10-20,Texas,48,7906908,91182
2022-10-21,Texas,48,7910070,91227
2022-10-22,Texas,48,7910070,91227
2022-10-23,Texas,48,7910070,91227
2022-10-24,Texas,48,7913555,91256
2022-10-25,Texas,48,7914008,91260
2022-10-26,Texas,48,7917113,91284
2022-10-27,Texas,48,7917515,91289
2022-10-28,Texas,48,7921604,91310
2022-10-29,Texas,48,7921604,91310
2022-10-30,Texas,48,7921604,91310
2022-10-31,Texas,48,7925331,91324
2022-11-01,Texas,48,7925728,91326
2022-11-02,Texas,48,7928639,91349
2022-11-03,Texas,48,7929279,91357
2022-11-04,Texas,48,7932946,91376
2022-11-05,Texas,48,7932946,91376
2022-11-06,Texas,48,7932946,91376
2022-11-07,Texas,48,7936925,91390
2022-11-08,Texas,48,7937273,91391
2022-11-09,Texas,48,7940800,91409
2022-11-10,Texas,48,7941685,91411
2022-11-11,Texas,48,7941909,92190
2022-11-12,Texas,48,7941909,92190
2022-11-13,Texas,48,7941909,92190
2022-11-14,Texas,48,7949737,92217
2022-11-15,Texas,48,7950070,92218
2022-11-16,Texas,48,7953853,92227
2022-11-17,Texas,48,7954329,92231
2022-11-18,Texas,48,7957725,92261
2022-11-19,Texas,48,7957725,92261
2022-11-20,Texas,48,7957725,92261
2022-11-21,Texas,48,7962184,92278
2022-11-22,Texas,48,7962520,92281
2022-11-23,Texas,48,7967107,92293
2022-11-24,Texas,48,7967261,92294
2022-11-25,Texas,48,7967261,92294
2022-11-26,Texas,48,7967261,92294
2022-11-27,Texas,48,7967261,92294
2022-11-28,Texas,48,7976908,92307
2022-11-29,Texas,48,7977415,92307
2022-11-30,Texas,48,7985331,92323
2022-12-01,Texas,48,7986922,92327
2022-12-02,Texas,48,7987544,92327
2022-12-03,Texas,48,7987544,92327
2022-12-04,Texas,48,7987544,92327
2022-12-05,Texas,48,7988079,92331
2022-12-06,Texas,48,7988747,92332
2022-12-07,Texas,48,8016665,92393
2022-12-08,Texas,48,8016665,92450
2022-12-09,Texas,48,8017431,92456
2022-12-10,Texas,48,8017476,92456
2022-12-11,Texas,48,8017476,92456
2022-12-12,Texas,48,8018154,92458
2022-12-13,Texas,48,8018808,92458
2022-12-14,Texas,48,8047180,92523
2022-12-15,Texas,48,8047222,92527
2022-12-16,Texas,48,8047592,92530
2022-12-17,Texas,48,8047592,92530
2022-12-18,Texas,48,8047592,92530
2022-12-19,Texas,48,8048162,92535
2022-12-20,Texas,48,8049149,92538
2022-12-21,Texas,48,8078548,92623
2022-12-22,Texas,48,8078548,92625
2022-12-23,Texas,48,8078548,92628
2022-12-24,Texas,48,8078548,92628
2022-12-25,Texas,48,8078548,92628
2022-12-26,Texas,48,8078548,92628
2022-12-27,Texas,48,8078548,92630
2022-12-28,Texas,48,8111323,92704
2022-12-29,Texas,48,8111323,92707
2022-12-30,Texas,48,8111323,92709
2022-12-31,Texas,48,8111323,92709
2023-01-01,Texas,48,8111323,92709
2023-01-02,Texas,48,8111323,92709
2023-01-03,Texas,48,8111323,92712
2023-01-04,Texas,48,8151596,92867
2023-01-05,Texas,48,8151596,92870
2023-01-06,Texas,48,8151596,92874
2023-01-07,Texas,48,8151596,92874
2023-01-08,Texas,48,8151596,92877
2023-01-09,Texas,48,8151596,92885
2023-01-10,Texas,48,8151596,92890
2023-01-11,Texas,48,8187599,92988
2023-01-12,Texas,48,8187599,92996
2023-01-13,Texas,48,8187599,93003
2023-01-14,Texas,48,8187599,93003
2023-01-15,Texas,48,8187599,93003
2023-01-16,Texas,48,8187599,93003
2023-01-17,Texas,48,8187599,93010
2023-01-18,Texas,48,8214084,93193
2023-01-19,Texas,48,8214084,93195
2023-01-20,Texas,48,8215613,93197
2023-01-21,Texas,48,8215613,93197
2023-01-22,Texas,48,8215613,93197
2023-01-23,Texas,48,8215613,93199
2023-01-24,Texas,48,8215613,93202
2023-01-25,Texas,48,8240015,93354
2023-01-26,Texas,48,8240015,93360
2023-01-27,Texas,48,8240015,93362
2023-01-28,Texas,48,8240015,93362
2023-01-29,Texas,48,8240015,93362
2023-01-30,Texas,48,8240015,93366
2023-01-31,Texas,48,8240015,93366
2023-02-01,Texas,48,8262540,93481
2023-02-02,Texas,48,8262540,93481
2023-02-03,Texas,48,8262540,93484
2023-02-04,Texas,48,8262540,93484
2023-02-05,Texas,48,8262540,93484
2023-02-06,Texas,48,8262540,93494
2023-02-07,Texas,48,8262540,93537
2023-02-08,Texas,48,8282728,93670
2023-02-09,Texas,48,8282728,93682
2023-02-10,Texas,48,8282728,93697
2023-02-11,Texas,48,8282728,93697
2023-02-12,Texas,48,8282728,93699
2023-02-13,Texas,48,8282728,93710
2023-02-14,Texas,48,8282728,93711
2023-02-15,Texas,48,8300794,93818
2023-02-16,Texas,48,8300794,93820
2023-02-17,Texas,48,8300794,93822
2023-02-18,Texas,48,8300794,93822
2023-02-19,Texas,48,8300794,93822
2023-02-20,Texas,48,8300794,93824
2023-02-21,Texas,48,8300794,93828
2023-02-22,Texas,48,8316766,93908
2023-02-23,Texas,48,8316766,93909
2023-02-24,Texas,48,8316766,93918
2023-02-25,Texas,48,8316766,93918
2023-02-26,Texas,48,8316766,93918
2023-02-27,Texas,48,8316766,93923
2023-02-28,Texas,48,8316766,94059
2023-03-01,Texas,48,8337836,94141
2023-03-02,Texas,48,8337836,94157
2023-03-03,Texas,48,8337836,94161
2023-03-04,Texas,48,8337836,94161
2023-03-05,Texas,48,8337836,94161
2023-03-06,Texas,48,8337836,94163
2023-03-07,Texas,48,8337836,94170
2023-03-08,Texas,48,8350220,94241
2023-03-09,Texas,48,8350220,94371
2023-03-10,Texas,48,8350220,94374
2023-03-11,Texas,48,8350220,94374
2023-03-12,Texas,48,8350220,94374
2023-03-13,Texas,48,8350220,94375
2023-03-14,Texas,48,8350220,94376
2023-03-15,Texas,48,8437665,94437
2023-03-16,Texas,48,8437665,94440
2023-03-17,Texas,48,8437665,94446
2023-03-18,Texas,48,8437665,94446
2023-03-19,Texas,48,8437665,94446
2023-03-20,Texas,48,8437665,94450
2023-03-21,Texas,48,8437665,94450
2023-03-22,Texas,48,8447168,94515
2023-03-23,Texas,48,8447168,94518
